timestamp,open,high,low,close,volume,close_time,quote_asset_volume,num_trades,taker_buy_base,taker_buy_quote,ignore,bid_volume,ask_volume,total_volume
2025-01-01 00:00:00,189.2200,192.5800,189.0000,192.4400,586540.0,2025-01-01 00:59:59.999,111967321.9530,68555,359295.0,68570104.1050,0,359295.0,227245.0,586540.0
2025-01-01 01:00:00,192.4400,192.5600,190.2500,190.6200,334974.0,2025-01-01 01:59:59.999,64063735.8000,44264,152790.0,29224561.6600,0,152790.0,182184.0,334974.0
2025-01-01 02:00:00,190.6300,191.9600,190.3100,191.5100,204131.0,2025-01-01 02:59:59.999,38999261.9060,32475,107411.0,20524003.7960,0,107411.0,96720.0,204131.0
2025-01-01 03:00:00,191.5200,191.5200,189.9300,190.3100,180453.0,2025-01-01 03:59:59.999,34405640.9810,26172,71486.0,13629974.2100,0,71486.0,108967.0,180453.0
2025-01-01 04:00:00,190.3100,190.3100,189.2500,189.4100,275678.0,2025-01-01 04:59:59.999,52300041.4320,35493,130134.0,24688101.3340,0,130134.0,145544.0,275678.0
2025-01-01 05:00:00,189.4100,190.5500,189.2500,190.0200,234808.0,2025-01-01 05:59:59.999,44628050.5280,31613,133688.0,25409474.5620,0,133688.0,101120.0,234808.0
2025-01-01 06:00:00,190.0200,190.1920,189.2700,190.1800,194774.0,2025-01-01 06:59:59.999,36953348.7620,29174,96526.0,18314223.0780,0,96526.0,98248.0,194774.0
2025-01-01 07:00:00,190.1800,190.2400,189.5800,189.9600,171667.0,2025-01-01 07:59:59.999,32599166.8340,23926,84280.0,16004994.6800,0,84280.0,87387.0,171667.0
2025-01-01 08:00:00,189.9700,190.6400,189.1800,189.2800,241431.0,2025-01-01 08:59:59.999,45833608.0950,32538,111453.0,21160779.1540,0,111453.0,129978.0,241431.0
2025-01-01 09:00:00,189.2900,189.6600,187.8200,189.0600,511747.0,2025-01-01 09:59:59.999,96479840.3040,55260,218890.0,41270426.1520,0,218890.0,292857.0,511747.0
2025-01-01 10:00:00,189.0700,190.9300,189.0700,190.1500,357434.0,2025-01-01 10:59:59.999,67944476.7030,43447,164371.0,31238294.7570,0,164371.0,193063.0,357434.0
2025-01-01 11:00:00,190.1600,191.7400,189.8000,191.2200,359515.0,2025-01-01 11:59:59.999,68647477.8630,43461,188942.0,36082597.7270,0,188942.0,170573.0,359515.0
2025-01-01 12:00:00,191.2300,191.6400,190.4000,190.8600,294846.0,2025-01-01 12:59:59.999,56340176.0290,41232,133328.0,25479400.2060,0,133328.0,161518.0,294846.0
2025-01-01 13:00:00,190.8500,191.2500,189.4800,190.1600,351399.0,2025-01-01 13:59:59.999,66801149.6380,44894,173699.0,33025788.5740,0,173699.0,177700.0,351399.0
2025-01-01 14:00:00,190.1600,191.4000,189.0200,190.7800,436563.0,2025-01-01 14:59:59.999,83065314.2170,54112,233904.0,44512381.6800,0,233904.0,202659.0,436563.0
2025-01-01 15:00:00,190.7900,192.0900,189.8400,191.8100,368479.0,2025-01-01 15:59:59.999,70402310.9470,46254,199904.0,38195126.3610,0,199904.0,168575.0,368479.0
2025-01-01 16:00:00,191.8200,192.2100,189.9500,190.4000,334489.0,2025-01-01 16:59:59.999,63863355.1990,48929,147793.0,28220331.7750,0,147793.0,186696.0,334489.0
2025-01-01 17:00:00,190.4100,190.5500,189.1200,190.4900,303414.0,2025-01-01 17:59:59.999,57584598.3080,43268,154580.0,29338100.2250,0,154580.0,148834.0,303414.0
2025-01-01 18:00:00,190.4900,192.1800,189.7600,191.6200,348797.0,2025-01-01 18:59:59.999,66710071.6910,48891,187826.0,35932205.8890,0,187826.0,160971.0,348797.0
2025-01-01 19:00:00,191.6200,193.8600,191.4300,193.0300,592658.0,2025-01-01 19:59:59.999,114148669.0650,72533,304566.0,58673700.6140,0,304566.0,288092.0,592658.0
2025-01-01 20:00:00,193.0200,194.4900,193.0200,194.2900,415543.0,2025-01-01 20:59:59.999,80552491.7960,55410,208708.0,40457220.4720,0,208708.0,206835.0,415543.0
2025-01-01 21:00:00,194.2800,195.2900,193.6200,194.6300,417920.0,2025-01-01 21:59:59.999,81283591.7310,56210,209077.0,40673800.8650,0,209077.0,208843.0,417920.0
2025-01-01 22:00:00,194.6300,194.8900,193.6100,194.4400,230374.0,2025-01-01 22:59:59.999,44748058.9090,34616,120002.0,23312141.5680,0,120002.0,110372.0,230374.0
2025-01-01 23:00:00,194.4400,195.0900,193.7100,194.2200,230112.0,2025-01-01 23:59:59.999,44699779.1390,33140,112328.0,21822822.7710,0,112328.0,117784.0,230112.0
2025-01-02 00:00:00,194.2200,197.1400,193.3400,196.1700,751490.0,2025-01-02 00:59:59.999,146863335.1380,96274,374888.0,73303151.4330,0,374888.0,376602.0,751490.0
2025-01-02 01:00:00,196.1600,198.4100,196.0400,197.6400,595971.0,2025-01-02 01:59:59.999,117615087.7580,78080,305335.0,60259488.5200,0,305335.0,290636.0,595971.0
2025-01-02 02:00:00,197.6400,199.3800,197.4000,199.3200,594640.0,2025-01-02 02:59:59.999,117969997.8100,69960,303749.0,60271726.7420,0,303749.0,290891.0,594640.0
2025-01-02 03:00:00,199.3200,199.6300,197.7200,198.4600,423020.0,2025-01-02 03:59:59.999,83975764.8570,57675,195434.0,38794959.5560,0,195434.0,227586.0,423020.0
2025-01-02 04:00:00,198.4700,204.8000,198.4700,204.3900,1345660.0,2025-01-02 04:59:59.999,272219737.2730,146161,792501.0,160176756.1360,0,792501.0,553159.0,1345660.0
2025-01-02 05:00:00,204.3900,205.6100,203.3000,204.5400,749316.0,2025-01-02 05:59:59.999,153188300.4760,91860,374054.0,76503801.3690,0,374054.0,375262.0,749316.0
2025-01-02 06:00:00,204.5400,205.9100,203.8800,205.2600,767030.0,2025-01-02 06:59:59.999,157080328.1470,86432,397296.0,81373928.3370,0,397296.0,369734.0,767030.0
2025-01-02 07:00:00,205.2500,206.8400,205.1200,205.8400,792213.0,2025-01-02 07:59:59.999,163172708.5660,82671,434182.0,89434529.7940,0,434182.0,358031.0,792213.0
2025-01-02 08:00:00,205.8400,206.9900,205.6200,206.7000,549390.0,2025-01-02 08:59:59.999,113366538.9460,66221,292526.0,60371614.6320,0,292526.0,256864.0,549390.0
2025-01-02 09:00:00,206.7000,207.8500,206.2400,207.2600,735201.0,2025-01-02 09:59:59.999,152231151.5560,76659,425894.0,88190170.6710,0,425894.0,309307.0,735201.0
2025-01-02 10:00:00,207.2600,207.6500,206.6100,206.9200,413234.0,2025-01-02 10:59:59.999,85568077.8840,54317,200761.0,41569533.2980,0,200761.0,212473.0,413234.0
2025-01-02 11:00:00,206.9200,208.7800,206.8000,208.4300,721957.0,2025-01-02 11:59:59.999,150085480.4520,63776,430870.0,89592696.1320,0,430870.0,291087.0,721957.0
2025-01-02 12:00:00,208.4200,209.4000,207.5500,208.2900,785114.0,2025-01-02 12:59:59.999,163665452.7980,76649,447123.0,93227672.5480,0,447123.0,337991.0,785114.0
2025-01-02 13:00:00,208.3000,208.5700,207.4800,208.1000,471745.0,2025-01-02 13:59:59.999,98127486.2900,55071,221783.0,46135353.8200,0,221783.0,249962.0,471745.0
2025-01-02 14:00:00,208.1000,210.4700,206.6400,208.1200,1453590.0,2025-01-02 14:59:59.999,302704563.9350,158940,772834.0,161000580.9610,0,772834.0,680756.0,1453590.0
2025-01-02 15:00:00,208.1100,208.2900,205.3700,206.6800,944744.0,2025-01-02 15:59:59.999,195181930.2500,114312,450391.0,93067623.7760,0,450391.0,494353.0,944744.0
2025-01-02 16:00:00,206.6700,208.9900,205.8500,207.3800,631510.0,2025-01-02 16:59:59.999,131110970.0510,80231,321663.0,66783980.4330,0,321663.0,309847.0,631510.0
2025-01-02 17:00:00,207.3800,208.1400,204.6200,205.9700,743424.0,2025-01-02 17:59:59.999,153349972.5130,84076,354048.0,73075315.1020,0,354048.0,389376.0,743424.0
2025-01-02 18:00:00,205.9700,206.7100,204.8900,206.3500,469532.0,2025-01-02 18:59:59.999,96622908.4560,58940,237541.0,48887509.5240,0,237541.0,231991.0,469532.0
2025-01-02 19:00:00,206.3600,207.7400,206.0800,206.6200,392136.0,2025-01-02 19:59:59.999,81188668.7820,44936,188340.0,38991602.8400,0,188340.0,203796.0,392136.0
2025-01-02 20:00:00,206.6200,207.9100,206.6200,206.7300,275400.0,2025-01-02 20:59:59.999,57102730.3030,34545,142129.0,29469216.1090,0,142129.0,133271.0,275400.0
2025-01-02 21:00:00,206.7300,207.0900,205.3800,206.4600,326653.0,2025-01-02 21:59:59.999,67364664.7740,40830,175381.0,36170335.9980,0,175381.0,151272.0,326653.0
2025-01-02 22:00:00,206.4700,206.6800,205.1400,206.5100,214088.0,2025-01-02 22:59:59.999,44105242.0770,27224,98676.0,20328175.8440,0,98676.0,115412.0,214088.0
2025-01-02 23:00:00,206.5000,208.3800,206.4600,208.1700,341293.0,2025-01-02 23:59:59.999,70853269.8880,41940,167780.0,34826122.2500,0,167780.0,173513.0,341293.0
2025-01-03 00:00:00,208.1700,208.3800,206.9100,207.0600,244470.0,2025-01-03 00:59:59.999,50743054.6920,37447,110799.0,22996862.8380,0,110799.0,133671.0,244470.0
2025-01-03 01:00:00,207.0600,207.2300,205.5100,206.7600,296105.0,2025-01-03 01:59:59.999,61045611.4680,43554,148553.0,30629192.5060,0,148553.0,147552.0,296105.0
2025-01-03 02:00:00,206.7700,208.0100,206.2200,206.7200,303533.0,2025-01-03 02:59:59.999,62930210.6170,42624,149396.0,30969490.2830,0,149396.0,154137.0,303533.0
2025-01-03 03:00:00,206.7200,208.2000,206.0500,207.9300,286615.0,2025-01-03 03:59:59.999,59350714.3920,37040,158801.0,32881596.3620,0,158801.0,127814.0,286615.0
2025-01-03 04:00:00,207.9400,207.9900,206.9500,207.6200,188462.0,2025-01-03 04:59:59.999,39098846.7380,31599,80632.0,16727970.5960,0,80632.0,107830.0,188462.0
2025-01-03 05:00:00,207.6300,209.5400,207.0000,208.7800,514271.0,2025-01-03 05:59:59.999,107217140.4950,58846,279249.0,58233805.7710,0,279249.0,235022.0,514271.0
2025-01-03 06:00:00,208.7700,209.8700,207.4300,207.6600,780227.0,2025-01-03 06:59:59.999,163055355.5680,79552,367488.0,76852391.2860,0,367488.0,412739.0,780227.0
2025-01-03 07:00:00,207.6600,208.6300,206.9300,207.8600,587455.0,2025-01-03 07:59:59.999,121971411.1740,60820,269511.0,55968179.9720,0,269511.0,317944.0,587455.0
2025-01-03 08:00:00,207.8600,209.8100,207.4500,209.2500,804866.0,2025-01-03 08:59:59.999,168357839.8760,75406,395357.0,82689695.2640,0,395357.0,409509.0,804866.0
2025-01-03 09:00:00,209.2600,212.8100,208.9700,211.0800,1121814.0,2025-01-03 09:59:59.999,237017638.7740,118310,607615.0,128378216.9640,0,607615.0,514199.0,1121814.0
2025-01-03 10:00:00,211.0700,211.6500,210.2100,210.9900,431829.0,2025-01-03 10:59:59.999,91092550.3030,55106,220438.0,46496513.7000,0,220438.0,211391.0,431829.0
2025-01-03 11:00:00,210.9900,214.9900,210.8400,214.3900,987460.0,2025-01-03 11:59:59.999,210370209.7950,99647,560240.0,119328487.4140,0,560240.0,427220.0,987460.0
2025-01-03 12:00:00,214.3800,214.7800,213.0800,213.2500,699647.0,2025-01-03 12:59:59.999,149642712.8540,79134,342828.0,73342946.9350,0,342828.0,356819.0,699647.0
2025-01-03 13:00:00,213.2500,214.2100,211.9200,212.7400,764177.0,2025-01-03 13:59:59.999,162691851.0430,83291,392077.0,83489767.6780,0,392077.0,372100.0,764177.0
2025-01-03 14:00:00,212.7400,218.5600,212.7400,218.1600,1597837.0,2025-01-03 14:59:59.999,345255407.0650,166878,940091.0,203072530.2650,0,940091.0,657746.0,1597837.0
2025-01-03 15:00:00,218.1500,218.3800,216.4700,217.2600,675058.0,2025-01-03 15:59:59.999,146775877.3840,92502,345688.0,75175091.3640,0,345688.0,329370.0,675058.0
2025-01-03 16:00:00,217.2700,219.6900,216.3200,217.5800,946238.0,2025-01-03 16:59:59.999,206542899.3290,111826,490734.0,107124793.7030,0,490734.0,455504.0,946238.0
2025-01-03 17:00:00,217.5800,218.1300,216.5100,217.2500,448142.0,2025-01-03 17:59:59.999,97332100.9600,60460,234898.0,51025973.9490,0,234898.0,213244.0,448142.0
2025-01-03 18:00:00,217.2500,218.4100,217.0300,217.9400,335819.0,2025-01-03 18:59:59.999,73136790.5620,44381,172977.0,37672944.2560,0,172977.0,162842.0,335819.0
2025-01-03 19:00:00,217.9300,218.4100,216.3600,216.9800,410026.0,2025-01-03 19:59:59.999,89100760.4760,52847,181881.0,39535188.1460,0,181881.0,228145.0,410026.0
2025-01-03 20:00:00,216.9900,216.9900,215.7000,215.8900,389786.0,2025-01-03 20:59:59.999,84268341.0860,46409,160843.0,34776744.7460,0,160843.0,228943.0,389786.0
2025-01-03 21:00:00,215.8800,216.8400,215.7500,216.2000,270323.0,2025-01-03 21:59:59.999,58473672.5900,40368,112103.0,24253302.0360,0,112103.0,158220.0,270323.0
2025-01-03 22:00:00,216.2000,217.1800,215.9200,216.9500,262197.0,2025-01-03 22:59:59.999,56774707.6650,29718,134467.0,29125433.8390,0,134467.0,127730.0,262197.0
2025-01-03 23:00:00,216.9500,217.9300,216.7600,217.9100,295388.0,2025-01-03 23:59:59.999,64231165.1820,35563,167168.0,36346227.0820,0,167168.0,128220.0,295388.0
2025-01-04 00:00:00,217.9200,217.9300,216.5100,216.9100,311813.0,2025-01-04 00:59:59.999,67704357.2290,43612,120973.0,26267526.4710,0,120973.0,190840.0,311813.0
2025-01-04 01:00:00,216.9000,217.9000,215.9000,217.2800,319751.0,2025-01-04 01:59:59.999,69410520.7730,43295,163898.0,35588979.5890,0,163898.0,155853.0,319751.0
2025-01-04 02:00:00,217.2800,218.0800,216.1100,217.3500,297449.0,2025-01-04 02:59:59.999,64568905.5630,38413,145332.0,31563977.5590,0,145332.0,152117.0,297449.0
2025-01-04 03:00:00,217.3400,217.6300,215.5800,216.8800,325474.0,2025-01-04 03:59:59.999,70446902.7880,40436,146973.0,31804108.7800,0,146973.0,178501.0,325474.0
2025-01-04 04:00:00,216.8900,216.8900,215.4100,216.8100,267489.0,2025-01-04 04:59:59.999,57766386.3800,34120,105162.0,22721027.7080,0,105162.0,162327.0,267489.0
2025-01-04 05:00:00,216.8100,217.3400,216.3000,217.1500,178067.0,2025-01-04 05:59:59.999,38623656.5300,28096,85997.0,18654446.6340,0,85997.0,92070.0,178067.0
2025-01-04 06:00:00,217.1500,217.8900,216.8100,217.5300,238330.0,2025-01-04 06:59:59.999,51823388.3190,31728,127702.0,27769944.5890,0,127702.0,110628.0,238330.0
2025-01-04 07:00:00,217.5400,217.7500,216.2100,216.6200,319969.0,2025-01-04 07:59:59.999,69414621.1760,29962,174496.0,37852959.0600,0,174496.0,145473.0,319969.0
2025-01-04 08:00:00,216.6100,216.6200,215.1900,215.6100,362662.0,2025-01-04 08:59:59.999,78274185.1210,42928,172554.0,37248021.9130,0,172554.0,190108.0,362662.0
2025-01-04 09:00:00,215.6100,216.3400,215.3600,215.7400,227699.0,2025-01-04 09:59:59.999,49159774.1690,31854,110402.0,23838483.2870,0,110402.0,117297.0,227699.0
2025-01-04 10:00:00,215.7500,215.8600,214.3000,215.5900,358058.0,2025-01-04 10:59:59.999,76984107.7880,42731,166940.0,35903286.1990,0,166940.0,191118.0,358058.0
2025-01-04 11:00:00,215.5900,216.6000,215.2100,216.3600,268097.0,2025-01-04 11:59:59.999,57888215.6510,30395,140377.0,30307001.8870,0,140377.0,127720.0,268097.0
2025-01-04 12:00:00,216.3600,217.1000,216.0000,216.9500,331753.0,2025-01-04 12:59:59.999,71836754.8520,40376,177360.0,38407005.5620,0,177360.0,154393.0,331753.0
2025-01-04 13:00:00,216.9600,217.5800,216.5200,216.9100,366440.0,2025-01-04 13:59:59.999,79525472.0410,42508,165964.0,36021231.0960,0,165964.0,200476.0,366440.0
2025-01-04 14:00:00,216.9100,217.0400,215.6500,215.8000,345361.0,2025-01-04 14:59:59.999,74655745.7190,39452,148561.0,32115896.6700,0,148561.0,196800.0,345361.0
2025-01-04 15:00:00,215.8000,216.5400,213.4500,214.2400,923047.0,2025-01-04 15:59:59.999,197979619.1020,98527,456485.0,97920998.4220,0,456485.0,466562.0,923047.0
2025-01-04 16:00:00,214.2400,214.9900,213.6100,214.3100,317213.0,2025-01-04 16:59:59.999,67969233.8960,44276,165164.0,35393610.7210,0,165164.0,152049.0,317213.0
2025-01-04 17:00:00,214.3100,215.6800,214.0600,215.6500,243380.0,2025-01-04 17:59:59.999,52330910.6710,32849,133406.0,28680973.2210,0,133406.0,109974.0,243380.0
2025-01-04 18:00:00,215.6500,215.8800,215.0800,215.3900,202984.0,2025-01-04 18:59:59.999,43728861.3330,26779,99814.0,21502364.4290,0,99814.0,103170.0,202984.0
2025-01-04 19:00:00,215.4000,215.7300,215.0300,215.4700,134234.0,2025-01-04 19:59:59.999,28906873.7800,19745,62355.0,13428599.5820,0,62355.0,71879.0,134234.0
2025-01-04 20:00:00,215.4800,216.7200,215.3000,216.3500,223932.0,2025-01-04 20:59:59.999,48367906.0160,28160,136008.0,29381077.1420,0,136008.0,87924.0,223932.0
2025-01-04 21:00:00,216.3400,216.5600,215.6500,215.9500,162716.0,2025-01-04 21:59:59.999,35158766.6100,24752,72598.0,15688380.2940,0,72598.0,90118.0,162716.0
2025-01-04 22:00:00,215.9600,217.1900,215.6400,217.0900,196727.0,2025-01-04 22:59:59.999,42566043.3040,21726,120826.0,26146569.3950,0,120826.0,75901.0,196727.0
2025-01-04 23:00:00,217.1000,217.1800,216.3900,216.5600,173163.0,2025-01-04 23:59:59.999,37537480.9050,23513,72203.0,15651120.3230,0,72203.0,100960.0,173163.0
2025-01-05 00:00:00,216.5700,217.8200,216.1200,216.9300,304847.0,2025-01-05 00:59:59.999,66147341.3190,36194,138731.0,30114749.5700,0,138731.0,166116.0,304847.0
2025-01-05 01:00:00,216.9400,217.0900,215.1700,215.6300,262203.0,2025-01-05 01:59:59.999,56640769.3380,34885,107515.0,23224639.4950,0,107515.0,154688.0,262203.0
2025-01-05 02:00:00,215.6300,217.3700,215.3800,216.9700,293906.0,2025-01-05 02:59:59.999,63595397.0450,35896,146259.0,31646796.4500,0,146259.0,147647.0,293906.0
2025-01-05 03:00:00,216.9600,218.8100,216.5700,217.8300,437678.0,2025-01-05 03:59:59.999,95379275.0480,52879,218051.0,47513764.2010,0,218051.0,219627.0,437678.0
2025-01-05 04:00:00,217.8300,218.9800,217.7300,217.8500,364316.0,2025-01-05 04:59:59.999,79550507.0750,46874,183414.0,40055562.2250,0,183414.0,180902.0,364316.0
2025-01-05 05:00:00,217.8500,217.8600,216.0400,216.3200,356465.0,2025-01-05 05:59:59.999,77313001.0070,39842,155081.0,33639706.3160,0,155081.0,201384.0,356465.0
2025-01-05 06:00:00,216.3100,216.9200,215.8300,216.4800,208532.0,2025-01-05 06:59:59.999,45137098.1500,28091,110790.0,23983359.6760,0,110790.0,97742.0,208532.0
2025-01-05 07:00:00,216.4700,216.7000,215.9500,216.3500,169134.0,2025-01-05 07:59:59.999,36597467.9640,22467,73342.0,15871644.7600,0,73342.0,95792.0,169134.0
2025-01-05 08:00:00,216.3500,216.4400,214.6100,215.0400,412489.0,2025-01-05 08:59:59.999,88802698.0910,45063,174295.0,37521794.7280,0,174295.0,238194.0,412489.0
2025-01-05 09:00:00,215.0400,215.1200,212.8000,213.1000,552498.0,2025-01-05 09:59:59.999,118165436.6750,52581,223376.0,47782875.6350,0,223376.0,329122.0,552498.0
2025-01-05 10:00:00,213.1100,214.0600,212.8400,213.9900,321898.0,2025-01-05 10:59:59.999,68720999.7140,37354,183684.0,39216519.2440,0,183684.0,138214.0,321898.0
2025-01-05 11:00:00,213.9900,214.6200,213.5900,213.8500,287200.0,2025-01-05 11:59:59.999,61472604.9950,33339,129875.0,27803087.5630,0,129875.0,157325.0,287200.0
2025-01-05 12:00:00,213.8400,214.1300,213.2000,213.5500,254067.0,2025-01-05 12:59:59.999,54279779.7620,33323,117189.0,25039988.0540,0,117189.0,136878.0,254067.0
2025-01-05 13:00:00,213.5500,214.5400,212.2700,212.5200,334563.0,2025-01-05 13:59:59.999,71383301.9070,40925,155316.0,33154884.3890,0,155316.0,179247.0,334563.0
2025-01-05 14:00:00,212.5300,213.4700,211.5400,213.1900,775255.0,2025-01-05 14:59:59.999,164593421.9170,72283,419593.0,89083320.0940,0,419593.0,355662.0,775255.0
2025-01-05 15:00:00,213.1800,213.9000,212.2700,213.4600,396665.0,2025-01-05 15:59:59.999,84567600.7340,44790,184443.0,39322624.8900,0,184443.0,212222.0,396665.0
2025-01-05 16:00:00,213.4600,214.2100,212.1000,212.3900,360061.0,2025-01-05 16:59:59.999,76719795.7720,44377,177484.0,37825275.5110,0,177484.0,182577.0,360061.0
2025-01-05 17:00:00,212.4000,213.2100,211.8800,212.5600,227113.0,2025-01-05 17:59:59.999,48265342.7800,33319,115933.0,24638480.1060,0,115933.0,111180.0,227113.0
2025-01-05 18:00:00,212.5600,212.7000,211.2700,212.3700,279612.0,2025-01-05 18:59:59.999,59270567.7780,35234,124040.0,26304158.1260,0,124040.0,155572.0,279612.0
2025-01-05 19:00:00,212.3800,213.1200,212.0900,212.7000,133765.0,2025-01-05 19:59:59.999,28460431.8360,22393,71235.0,15156489.7200,0,71235.0,62530.0,133765.0
2025-01-05 20:00:00,212.7000,213.9000,212.4300,212.9200,198581.0,2025-01-05 20:59:59.999,42320613.3520,29038,97285.0,20734060.8120,0,97285.0,101296.0,198581.0
2025-01-05 21:00:00,212.9100,213.9300,212.7400,213.7500,148192.0,2025-01-05 21:59:59.999,31605301.5360,24756,79504.0,16956934.1240,0,79504.0,68688.0,148192.0
2025-01-05 22:00:00,213.7500,214.4000,213.3100,214.0900,157034.0,2025-01-05 22:59:59.999,33590250.7660,25249,78403.0,16773868.3240,0,78403.0,78631.0,157034.0
2025-01-05 23:00:00,214.0900,214.4300,213.1300,213.3000,207065.0,2025-01-05 23:59:59.999,44263060.2820,30028,100232.0,21426903.8920,0,100232.0,106833.0,207065.0
2025-01-06 00:00:00,213.3100,214.1800,211.9100,212.0300,368791.0,2025-01-06 00:59:59.999,78527502.9830,48487,182988.0,38966643.9980,0,182988.0,185803.0,368791.0
2025-01-06 01:00:00,212.0400,215.1400,211.4100,214.5700,522938.0,2025-01-06 01:59:59.999,111422378.1610,63110,284374.0,60559981.2800,0,284374.0,238564.0,522938.0
2025-01-06 02:00:00,214.5600,216.8700,214.3800,215.4500,747349.0,2025-01-06 02:59:59.999,161157653.3790,87623,357596.0,77120047.4200,0,357596.0,389753.0,747349.0
2025-01-06 03:00:00,215.4500,216.5800,215.1500,215.5000,273860.0,2025-01-06 03:59:59.999,59111578.9860,38073,124740.0,26927753.8660,0,124740.0,149120.0,273860.0
2025-01-06 04:00:00,215.5000,216.7300,215.1900,215.7400,293395.0,2025-01-06 04:59:59.999,63324684.9060,37569,138658.0,29926682.9790,0,138658.0,154737.0,293395.0
2025-01-06 05:00:00,215.7400,216.8000,215.0500,215.4700,391194.0,2025-01-06 05:59:59.999,84439535.8100,50759,200784.0,43355403.2790,0,200784.0,190410.0,391194.0
2025-01-06 06:00:00,215.4700,215.9300,213.8400,214.8300,393685.0,2025-01-06 06:59:59.999,84508517.3530,54075,179185.0,38467047.1210,0,179185.0,214500.0,393685.0
2025-01-06 07:00:00,214.8200,215.3900,213.7700,215.1300,291628.0,2025-01-06 07:59:59.999,62601086.2370,41776,148719.0,31929681.7890,0,148719.0,142909.0,291628.0
2025-01-06 08:00:00,215.1300,216.1700,213.3000,213.9600,452117.0,2025-01-06 08:59:59.999,97079385.2420,52124,217658.0,46742756.1570,0,217658.0,234459.0,452117.0
2025-01-06 09:00:00,213.9500,214.3200,213.1000,214.3100,215708.0,2025-01-06 09:59:59.999,46107212.9640,34094,89938.0,19224570.6760,0,89938.0,125770.0,215708.0
2025-01-06 10:00:00,214.3000,215.1700,213.7200,214.9100,208972.0,2025-01-06 10:59:59.999,44828050.5540,30618,99045.0,21248705.3440,0,99045.0,109927.0,208972.0
2025-01-06 11:00:00,214.9200,216.1800,214.6900,216.1700,321474.0,2025-01-06 11:59:59.999,69334422.5100,34101,150031.0,32357703.8350,0,150031.0,171443.0,321474.0
2025-01-06 12:00:00,216.1800,217.7900,215.6400,216.7000,529537.0,2025-01-06 12:59:59.999,114833398.1290,57629,265663.0,57622422.4070,0,265663.0,263874.0,529537.0
2025-01-06 13:00:00,216.6900,218.7400,215.7100,218.5900,826763.0,2025-01-06 13:59:59.999,179780014.6980,86098,418027.0,90912479.0230,0,418027.0,408736.0,826763.0
2025-01-06 14:00:00,218.6000,222.0000,216.6100,220.9200,1470815.0,2025-01-06 14:59:59.999,322604171.1760,151451,774962.0,170022695.2720,0,774962.0,695853.0,1470815.0
2025-01-06 15:00:00,220.9300,221.8900,219.7400,221.5100,1123518.0,2025-01-06 15:59:59.999,248217123.1820,125572,536889.0,118621429.0230,0,536889.0,586629.0,1123518.0
2025-01-06 16:00:00,221.5200,223.1400,220.0600,220.7700,952094.0,2025-01-06 16:59:59.999,211132180.7660,96845,472374.0,104773057.1740,0,472374.0,479720.0,952094.0
2025-01-06 17:00:00,220.7600,220.7600,217.2700,218.6000,777497.0,2025-01-06 17:59:59.999,170065204.7290,82703,357387.0,78180784.3460,0,357387.0,420110.0,777497.0
2025-01-06 18:00:00,218.6000,219.4400,217.8000,218.7500,345533.0,2025-01-06 18:59:59.999,75571364.9300,47662,183277.0,40082228.2870,0,183277.0,162256.0,345533.0
2025-01-06 19:00:00,218.7500,220.4000,218.5000,219.9000,268818.0,2025-01-06 19:59:59.999,59051219.5110,35296,132759.0,29165279.1010,0,132759.0,136059.0,268818.0
2025-01-06 20:00:00,219.9000,220.3200,218.1200,218.4500,268129.0,2025-01-06 20:59:59.999,58784809.4350,36364,124427.0,27278628.6660,0,124427.0,143702.0,268129.0
2025-01-06 21:00:00,218.4400,218.6600,217.4000,217.7800,317176.0,2025-01-06 21:59:59.999,69124617.2640,39298,137936.0,30070086.1940,0,137936.0,179240.0,317176.0
2025-01-06 22:00:00,217.7700,218.6800,217.5300,218.4100,233702.0,2025-01-06 22:59:59.999,50950155.0310,30539,139467.0,30408709.5460,0,139467.0,94235.0,233702.0
2025-01-06 23:00:00,218.4100,218.5500,217.7300,218.1100,164149.0,2025-01-06 23:59:59.999,35796484.5830,25161,78822.0,17190109.0760,0,78822.0,85327.0,164149.0
2025-01-07 00:00:00,218.1000,219.0400,217.5500,217.6500,324738.0,2025-01-07 00:59:59.999,70877417.9480,41136,150231.0,32790755.8550,0,150231.0,174507.0,324738.0
2025-01-07 01:00:00,217.6400,218.6000,216.6600,218.0200,339600.0,2025-01-07 01:59:59.999,73862496.9790,43749,153441.0,33383032.8740,0,153441.0,186159.0,339600.0
2025-01-07 02:00:00,218.0200,218.1600,216.4300,216.4600,207048.0,2025-01-07 02:59:59.999,44951101.0170,31513,89505.0,19433175.6600,0,89505.0,117543.0,207048.0
2025-01-07 03:00:00,216.4700,217.5800,216.0900,217.2700,225787.0,2025-01-07 03:59:59.999,48944097.6730,28828,109254.0,23684246.5550,0,109254.0,116533.0,225787.0
2025-01-07 04:00:00,217.2700,217.3700,216.0800,216.0900,175357.0,2025-01-07 04:59:59.999,37981055.0250,23659,82083.0,17780571.7760,0,82083.0,93274.0,175357.0
2025-01-07 05:00:00,216.0800,216.4300,215.5800,216.4100,258716.0,2025-01-07 05:59:59.999,55874382.3510,30891,119895.0,25898172.7140,0,119895.0,138821.0,258716.0
2025-01-07 06:00:00,216.4100,216.6100,215.8700,216.2300,165248.0,2025-01-07 06:59:59.999,35730223.8840,23936,85647.0,18519288.7800,0,85647.0,79601.0,165248.0
2025-01-07 07:00:00,216.2300,216.6200,215.3300,215.9700,210036.0,2025-01-07 07:59:59.999,45352369.7760,28483,94187.0,20341516.5690,0,94187.0,115849.0,210036.0
2025-01-07 08:00:00,215.9600,216.7900,215.2700,216.5000,300577.0,2025-01-07 08:59:59.999,64943295.9560,36180,175768.0,37985888.8230,0,175768.0,124809.0,300577.0
2025-01-07 09:00:00,216.5100,216.6200,214.6700,214.9800,487093.0,2025-01-07 09:59:59.999,104952083.5430,45660,203842.0,43932692.9100,0,203842.0,283251.0,487093.0
2025-01-07 10:00:00,214.9800,215.1100,214.2100,214.7600,383084.0,2025-01-07 10:59:59.999,82229341.6900,41904,181508.0,38967474.6220,0,181508.0,201576.0,383084.0
2025-01-07 11:00:00,214.7500,215.3300,212.7300,213.9500,616878.0,2025-01-07 11:59:59.999,131903838.7980,65171,267780.0,57277903.9960,0,267780.0,349098.0,616878.0
2025-01-07 12:00:00,213.9600,214.1000,212.6200,213.3900,423799.0,2025-01-07 12:59:59.999,90364594.0160,50048,195137.0,41613476.3120,0,195137.0,228662.0,423799.0
2025-01-07 13:00:00,213.3800,214.2800,213.2600,213.7400,334110.0,2025-01-07 13:59:59.999,71439958.3080,36794,187369.0,40062770.9860,0,187369.0,146741.0,334110.0
2025-01-07 14:00:00,213.7300,214.2600,210.7300,211.5400,1039773.0,2025-01-07 14:59:59.999,221191226.9850,101836,534596.0,113794076.2500,0,534596.0,505177.0,1039773.0
2025-01-07 15:00:00,211.5500,211.9900,205.0000,207.6500,4577563.0,2025-01-07 15:59:59.999,953376546.5280,458495,2218698.0,462311493.1040,0,2218698.0,2358865.0,4577563.0
2025-01-07 16:00:00,207.6400,208.9900,206.7200,207.4700,917327.0,2025-01-07 16:59:59.999,190894677.8220,110747,462479.0,96251282.8820,0,462479.0,454848.0,917327.0
2025-01-07 17:00:00,207.4700,207.9100,205.2100,206.3200,921599.0,2025-01-07 17:59:59.999,190450724.0980,98971,420785.0,86962978.3080,0,420785.0,500814.0,921599.0
2025-01-07 18:00:00,206.3200,207.0500,204.0000,204.9800,1089537.0,2025-01-07 18:59:59.999,223775312.4670,110688,496917.0,102105887.5680,0,496917.0,592620.0,1089537.0
2025-01-07 19:00:00,204.9800,205.5500,203.4300,204.4600,844653.0,2025-01-07 19:59:59.999,172745013.4830,89329,380076.0,77752440.7960,0,380076.0,464577.0,844653.0
2025-01-07 20:00:00,204.4700,204.5500,202.5200,204.2400,805901.0,2025-01-07 20:59:59.999,164164206.7520,96449,391046.0,79668109.1190,0,391046.0,414855.0,805901.0
2025-01-07 21:00:00,204.2300,204.8900,202.0000,202.0100,691398.0,2025-01-07 21:59:59.999,140777331.4510,77833,344772.0,70244516.6230,0,344772.0,346626.0,691398.0
2025-01-07 22:00:00,202.0000,203.8400,201.3600,203.5900,525257.0,2025-01-07 22:59:59.999,106546189.3730,57150,271322.0,55073236.7300,0,271322.0,253935.0,525257.0
2025-01-07 23:00:00,203.5900,203.6300,201.8000,202.0700,307043.0,2025-01-07 23:59:59.999,62241735.2150,39938,141608.0,28708044.7890,0,141608.0,165435.0,307043.0
2025-01-08 00:00:00,202.0600,203.2000,201.7900,202.5300,515076.0,2025-01-08 00:59:59.999,104338606.1660,62305,286433.0,58023051.8330,0,286433.0,228643.0,515076.0
2025-01-08 01:00:00,202.5300,202.5500,199.4300,201.1700,1152448.0,2025-01-08 01:59:59.999,231309128.0310,109240,498869.0,100162855.6660,0,498869.0,653579.0,1152448.0
2025-01-08 02:00:00,201.1700,201.6200,199.9900,199.9900,501777.0,2025-01-08 02:59:59.999,100801734.5060,57801,250661.0,50362333.5370,0,250661.0,251116.0,501777.0
2025-01-08 03:00:00,200.0000,200.1500,196.6200,198.6200,1443437.0,2025-01-08 03:59:59.999,286457393.9260,142362,615778.0,122239748.9270,0,615778.0,827659.0,1443437.0
2025-01-08 04:00:00,198.6200,199.5300,196.5500,196.9300,928624.0,2025-01-08 04:59:59.999,183790175.0980,100319,466860.0,92421768.6740,0,466860.0,461764.0,928624.0
2025-01-08 05:00:00,196.9300,197.8500,195.6200,195.9900,865287.0,2025-01-08 05:59:59.999,170276174.4930,99146,460368.0,90635713.6940,0,460368.0,404919.0,865287.0
2025-01-08 06:00:00,195.9900,196.7300,193.3000,193.3700,1385801.0,2025-01-08 06:59:59.999,270321928.2950,133263,557491.0,108733924.0050,0,557491.0,828310.0,1385801.0
2025-01-08 07:00:00,193.3700,195.8500,193.0400,195.5600,916524.0,2025-01-08 07:59:59.999,178305707.1650,89123,527967.0,102717059.6820,0,527967.0,388557.0,916524.0
2025-01-08 08:00:00,195.5600,197.7400,195.4400,197.2100,958912.0,2025-01-08 08:59:59.999,188806161.8380,81010,510813.0,100585590.8600,0,510813.0,448099.0,958912.0
2025-01-08 09:00:00,197.2200,197.7700,195.8000,195.8500,493689.0,2025-01-08 09:59:59.999,97244960.8860,52581,204187.0,40232457.5870,0,204187.0,289502.0,493689.0
2025-01-08 10:00:00,195.8500,197.9600,195.8500,197.0800,532705.0,2025-01-08 10:59:59.999,105003430.2910,50862,296377.0,58426846.0050,0,296377.0,236328.0,532705.0
2025-01-08 11:00:00,197.0900,197.5300,194.3800,195.4100,883770.0,2025-01-08 11:59:59.999,172781152.8500,79562,423691.0,82834586.8020,0,423691.0,460079.0,883770.0
2025-01-08 12:00:00,195.4000,196.1900,194.7300,194.9900,592639.0,2025-01-08 12:59:59.999,115862354.1440,66327,324005.0,63337727.3900,0,324005.0,268634.0,592639.0
2025-01-08 13:00:00,194.9800,197.8400,194.9800,197.0100,776317.0,2025-01-08 13:59:59.999,152917725.5200,82517,403508.0,79491674.8870,0,403508.0,372809.0,776317.0
2025-01-08 14:00:00,197.0100,199.2100,196.6600,197.6000,1035697.0,2025-01-08 14:59:59.999,204829876.4200,109169,555377.0,109846620.2310,0,555377.0,480320.0,1035697.0
2025-01-08 15:00:00,197.5900,199.4800,196.1500,197.6900,1042614.0,2025-01-08 15:59:59.999,206183200.3260,119815,573921.0,113544404.7920,0,573921.0,468693.0,1042614.0
2025-01-08 16:00:00,197.6800,197.9100,194.4300,194.6200,777353.0,2025-01-08 16:59:59.999,152395259.2140,92029,352094.0,69044936.3570,0,352094.0,425259.0,777353.0
2025-01-08 17:00:00,194.6200,194.9500,188.2300,193.1000,3204591.0,2025-01-08 17:59:59.999,613621722.2550,309288,1504810.0,288115238.9670,0,1504810.0,1699781.0,3204591.0
2025-01-08 18:00:00,193.1100,196.8100,192.7300,193.8700,1167432.0,2025-01-08 18:59:59.999,227311710.4910,128605,597029.0,116275368.2470,0,597029.0,570403.0,1167432.0
2025-01-08 19:00:00,193.8700,195.9100,193.2400,194.1800,635246.0,2025-01-08 19:59:59.999,123583384.3170,81852,340130.0,66176651.9560,0,340130.0,295116.0,635246.0
2025-01-08 20:00:00,194.1700,196.1800,193.5300,195.6300,394063.0,2025-01-08 20:59:59.999,76721187.7030,53350,193255.0,37636072.4320,0,193255.0,200808.0,394063.0
2025-01-08 21:00:00,195.6400,196.0700,193.7600,194.9200,465641.0,2025-01-08 21:59:59.999,90691997.4350,57999,237687.0,46292973.7160,0,237687.0,227954.0,465641.0
2025-01-08 22:00:00,194.9200,197.8500,194.9000,197.7000,559609.0,2025-01-08 22:59:59.999,110094901.6480,53920,317199.0,62404833.0480,0,317199.0,242410.0,559609.0
2025-01-08 23:00:00,197.7100,198.2100,196.8100,197.3700,229978.0,2025-01-08 23:59:59.999,45415463.3970,34482,110690.0,21864225.2440,0,110690.0,119288.0,229978.0
2025-01-09 00:00:00,197.3700,197.8400,196.3500,197.7900,263495.0,2025-01-09 00:59:59.999,51932996.1790,39032,129193.0,25465343.2310,0,129193.0,134302.0,263495.0
2025-01-09 01:00:00,197.7900,198.9800,197.2300,197.6600,387194.0,2025-01-09 01:59:59.999,76754697.0250,47464,175090.0,34715950.3970,0,175090.0,212104.0,387194.0
2025-01-09 02:00:00,197.6600,197.8900,195.1900,197.0300,788925.0,2025-01-09 02:59:59.999,154798911.7080,88056,376565.0,73889324.8970,0,376565.0,412360.0,788925.0
2025-01-09 03:00:00,197.0400,197.2300,194.0600,194.2800,441109.0,2025-01-09 03:59:59.999,86067756.4730,53146,202130.0,39437910.4950,0,202130.0,238979.0,441109.0
2025-01-09 04:00:00,194.2800,195.4200,193.5600,195.2900,418876.0,2025-01-09 04:59:59.999,81397921.5130,48872,201624.0,39198623.9000,0,201624.0,217252.0,418876.0
2025-01-09 05:00:00,195.2900,195.4500,194.1400,194.2100,196167.0,2025-01-09 05:59:59.999,38228919.2260,32375,103056.0,20083885.1560,0,103056.0,93111.0,196167.0
2025-01-09 06:00:00,194.2200,194.8700,193.1100,193.3100,328832.0,2025-01-09 06:59:59.999,63751724.5750,40393,150242.0,29139120.2200,0,150242.0,178590.0,328832.0
2025-01-09 07:00:00,193.3100,193.9000,189.6400,190.0600,1118009.0,2025-01-09 07:59:59.999,213672657.1140,106091,473887.0,90551033.3320,0,473887.0,644122.0,1118009.0
2025-01-09 08:00:00,190.0600,192.3500,189.0000,191.0900,833999.0,2025-01-09 08:59:59.999,159030509.8300,92699,430427.0,82097224.7750,0,430427.0,403572.0,833999.0
2025-01-09 09:00:00,191.0900,192.4200,190.9100,191.5300,353159.0,2025-01-09 09:59:59.999,67726524.7540,44643,202059.0,38759439.8260,0,202059.0,151100.0,353159.0
2025-01-09 10:00:00,191.5400,192.0200,189.6700,191.3100,420980.0,2025-01-09 10:59:59.999,80282112.9120,51609,192288.0,36676047.0400,0,192288.0,228692.0,420980.0
2025-01-09 11:00:00,191.3100,192.7500,190.4800,191.0800,335975.0,2025-01-09 11:59:59.999,64367569.5120,49496,173441.0,33235489.9950,0,173441.0,162534.0,335975.0
2025-01-09 12:00:00,191.0800,191.9900,189.2100,190.2400,500466.0,2025-01-09 12:59:59.999,95375297.9470,59085,247374.0,47173003.4360,0,247374.0,253092.0,500466.0
2025-01-09 13:00:00,190.2300,190.5500,185.3700,185.4400,1578189.0,2025-01-09 13:59:59.999,296079042.2610,150296,654774.0,122885006.2620,0,654774.0,923415.0,1578189.0
2025-01-09 14:00:00,185.4300,188.6900,185.0200,188.6400,1190421.0,2025-01-09 14:59:59.999,222487167.9950,131163,664028.0,124128288.0310,0,664028.0,526393.0,1190421.0
2025-01-09 15:00:00,188.6400,192.9000,187.7800,192.0900,1178866.0,2025-01-09 15:59:59.999,224619100.4080,121813,626569.0,119367870.8620,0,626569.0,552297.0,1178866.0
2025-01-09 16:00:00,192.0900,192.7000,190.5400,191.7400,697046.0,2025-01-09 16:59:59.999,133598207.8770,81726,327932.0,62860213.4430,0,327932.0,369114.0,697046.0
2025-01-09 17:00:00,191.7400,192.0600,186.0400,187.2000,912359.0,2025-01-09 17:59:59.999,172067924.6350,101456,421581.0,79439608.6480,0,421581.0,490778.0,912359.0
2025-01-09 18:00:00,187.2100,189.3400,186.9300,188.3700,633161.0,2025-01-09 18:59:59.999,119151005.2510,79501,350962.0,66045506.6740,0,350962.0,282199.0,633161.0
2025-01-09 19:00:00,188.3700,188.8600,185.6100,185.8400,629442.0,2025-01-09 19:59:59.999,117648988.1110,77385,300437.0,56154432.0530,0,300437.0,329005.0,629442.0
2025-01-09 20:00:00,185.8300,186.3400,181.8500,185.0200,1773975.0,2025-01-09 20:59:59.999,326482406.3500,178618,784101.0,144336555.7500,0,784101.0,989874.0,1773975.0
2025-01-09 21:00:00,185.0200,186.8900,184.5200,184.6800,523295.0,2025-01-09 21:59:59.999,97171203.4560,70812,262380.0,48737279.8090,0,262380.0,260915.0,523295.0
2025-01-09 22:00:00,184.6700,187.5100,183.0900,185.8600,561031.0,2025-01-09 22:59:59.999,103982670.5120,62986,292457.0,54274061.4420,0,292457.0,268574.0,561031.0
2025-01-09 23:00:00,185.8600,186.1000,184.2300,184.8800,376496.0,2025-01-09 23:59:59.999,69711938.8520,47484,171581.0,31777032.5800,0,171581.0,204915.0,376496.0
2025-01-10 00:00:00,184.8700,186.9300,184.8600,186.3200,461035.0,2025-01-10 00:59:59.999,85765949.6000,60236,256531.0,47717085.6190,0,256531.0,204504.0,461035.0
2025-01-10 01:00:00,186.3200,187.9900,185.6600,187.4500,484533.0,2025-01-10 01:59:59.999,90496814.4090,65905,254686.0,47572840.8040,0,254686.0,229847.0,484533.0
2025-01-10 02:00:00,187.4600,189.3000,187.2600,188.1800,419597.0,2025-01-10 02:59:59.999,79007333.4430,60977,211822.0,39890009.0320,0,211822.0,207775.0,419597.0
2025-01-10 03:00:00,188.1800,189.3900,187.8600,189.0200,249279.0,2025-01-10 03:59:59.999,46983961.9210,41547,134281.0,25312496.0390,0,134281.0,114998.0,249279.0
2025-01-10 04:00:00,189.0100,189.8800,188.4800,188.9700,295440.0,2025-01-10 04:59:59.999,55873910.2100,43996,143238.0,27090630.7320,0,143238.0,152202.0,295440.0
2025-01-10 05:00:00,188.9800,191.3200,188.2700,189.7800,525716.0,2025-01-10 05:59:59.999,99895424.1020,64113,259925.0,49397567.3500,0,259925.0,265791.0,525716.0
2025-01-10 06:00:00,189.7800,191.0900,189.2400,190.9600,339540.0,2025-01-10 06:59:59.999,64530530.7940,48362,167329.0,31812892.6660,0,167329.0,172211.0,339540.0
2025-01-10 07:00:00,190.9700,192.9300,190.4900,191.6300,604997.0,2025-01-10 07:59:59.999,115989802.3100,71389,316970.0,60765513.7470,0,316970.0,288027.0,604997.0
2025-01-10 08:00:00,191.6300,192.3700,191.2400,191.9100,409482.0,2025-01-10 08:59:59.999,78538752.1090,53570,187435.0,35947601.9690,0,187435.0,222047.0,409482.0
2025-01-10 09:00:00,191.9100,192.6800,191.1400,191.8800,405914.0,2025-01-10 09:59:59.999,77973873.6220,50872,198560.0,38145776.9720,0,198560.0,207354.0,405914.0
2025-01-10 10:00:00,191.8800,192.5800,191.3300,192.5200,302013.0,2025-01-10 10:59:59.999,57912886.4880,36868,156329.0,29974952.5220,0,156329.0,145684.0,302013.0
2025-01-10 11:00:00,192.5100,192.7700,191.0000,191.8200,462973.0,2025-01-10 11:59:59.999,88841413.5440,51272,217237.0,41689366.7120,0,217237.0,245736.0,462973.0
2025-01-10 12:00:00,191.8300,192.0700,190.4000,191.7800,366109.0,2025-01-10 12:59:59.999,69983466.0800,47211,166096.0,31757036.7160,0,166096.0,200013.0,366109.0
2025-01-10 13:00:00,191.7800,191.9700,184.8600,186.4300,2128765.0,2025-01-10 13:59:59.999,399138854.0130,229418,994600.0,186417948.1010,0,994600.0,1134165.0,2128765.0
2025-01-10 14:00:00,186.4400,189.3300,185.8300,187.5100,1134073.0,2025-01-10 14:59:59.999,212752420.2750,148586,590162.0,110719498.8020,0,590162.0,543911.0,1134073.0
2025-01-10 15:00:00,187.5000,188.8000,183.3800,187.2000,1676207.0,2025-01-10 15:59:59.999,311148626.1670,184093,817269.0,151700306.4690,0,817269.0,858938.0,1676207.0
2025-01-10 16:00:00,187.2000,187.4900,184.1600,184.6400,800782.0,2025-01-10 16:59:59.999,148693333.5870,97508,379037.0,70402030.4600,0,379037.0,421745.0,800782.0
2025-01-10 17:00:00,184.6400,192.0000,183.7600,191.4900,1168020.0,2025-01-10 17:59:59.999,219682014.4000,124477,616430.0,115903975.6170,0,616430.0,551590.0,1168020.0
2025-01-10 18:00:00,191.4900,191.8900,189.1800,189.9000,845800.0,2025-01-10 18:59:59.999,161230115.4000,89294,388861.0,74120386.4860,0,388861.0,456939.0,845800.0
2025-01-10 19:00:00,189.9100,190.9100,189.1000,190.1200,401957.0,2025-01-10 19:59:59.999,76372780.5340,53672,205137.0,38981486.0930,0,205137.0,196820.0,401957.0
2025-01-10 20:00:00,190.1300,190.4700,186.7700,187.3600,473039.0,2025-01-10 20:59:59.999,89029085.3690,55412,225303.0,42399737.7890,0,225303.0,247736.0,473039.0
2025-01-10 21:00:00,187.3600,188.7700,187.0200,187.6400,223005.0,2025-01-10 21:59:59.999,41924478.6810,35385,123438.0,23211713.8340,0,123438.0,99567.0,223005.0
2025-01-10 22:00:00,187.6500,188.5800,186.5900,188.0100,318332.0,2025-01-10 22:59:59.999,59703639.7120,35353,160185.0,30047448.4690,0,160185.0,158147.0,318332.0
2025-01-10 23:00:00,188.0100,188.4200,187.1900,187.5900,168368.0,2025-01-10 23:59:59.999,31614433.6230,25897,80396.0,15095671.6380,0,80396.0,87972.0,168368.0
2025-01-11 00:00:00,187.5900,188.1700,187.0300,188.1500,219828.0,2025-01-11 00:59:59.999,41249705.9520,34323,113526.0,21301284.9620,0,113526.0,106302.0,219828.0
2025-01-11 01:00:00,188.1500,188.7100,185.6700,186.3100,358131.0,2025-01-11 01:59:59.999,66939316.1090,45371,148118.0,27693159.3570,0,148118.0,210013.0,358131.0
2025-01-11 02:00:00,186.3000,187.0700,186.0300,186.6000,197021.0,2025-01-11 02:59:59.999,36754360.4150,29657,90097.0,16814629.5900,0,90097.0,106924.0,197021.0
2025-01-11 03:00:00,186.6000,186.6300,185.5000,186.2800,194474.0,2025-01-11 03:59:59.999,36175196.5060,29335,92271.0,17165018.1350,0,92271.0,102203.0,194474.0
2025-01-11 04:00:00,186.2800,186.6200,185.0500,185.6900,257271.0,2025-01-11 04:59:59.999,47763431.5010,34346,114234.0,21207014.6500,0,114234.0,143037.0,257271.0
2025-01-11 05:00:00,185.6800,186.1500,185.0600,186.1200,209127.0,2025-01-11 05:59:59.999,38830250.4560,31468,120180.0,22316497.1560,0,120180.0,88947.0,209127.0
2025-01-11 06:00:00,186.1300,187.0800,185.9800,186.0000,232986.0,2025-01-11 06:59:59.999,43474411.8530,34385,120994.0,22582288.0080,0,120994.0,111992.0,232986.0
2025-01-11 07:00:00,185.9900,186.7400,185.1900,186.1300,254549.0,2025-01-11 07:59:59.999,47293611.2410,33977,117716.0,21875141.9550,0,117716.0,136833.0,254549.0
2025-01-11 08:00:00,186.1300,186.8000,185.0000,185.4700,238182.0,2025-01-11 08:59:59.999,44257704.3390,34399,102942.0,19131960.4080,0,102942.0,135240.0,238182.0
2025-01-11 09:00:00,185.4700,186.3800,184.2000,185.0000,518532.0,2025-01-11 09:59:59.999,96084029.5260,54894,256292.0,47489686.2270,0,256292.0,262240.0,518532.0
2025-01-11 10:00:00,185.0000,185.6800,184.0100,185.0600,536028.0,2025-01-11 10:59:59.999,99101516.9860,59931,297293.0,54965197.1750,0,297293.0,238735.0,536028.0
2025-01-11 11:00:00,185.0600,186.7000,184.9800,186.5800,404032.0,2025-01-11 11:59:59.999,75152541.8960,49899,210523.0,39156390.7010,0,210523.0,193509.0,404032.0
2025-01-11 12:00:00,186.5700,187.4500,186.3000,186.8000,332157.0,2025-01-11 12:59:59.999,62100738.9750,44592,150834.0,28202485.7850,0,150834.0,181323.0,332157.0
2025-01-11 13:00:00,186.8100,187.4100,186.0900,186.4300,311482.0,2025-01-11 13:59:59.999,58152733.4650,40654,144836.0,27044713.2100,0,144836.0,166646.0,311482.0
2025-01-11 14:00:00,186.4300,187.8400,185.7500,187.7700,315570.0,2025-01-11 14:59:59.999,58943442.4610,41212,156871.0,29308082.6360,0,156871.0,158699.0,315570.0
2025-01-11 15:00:00,187.7800,188.1300,186.5200,186.8400,281395.0,2025-01-11 15:59:59.999,52672924.3860,36203,135010.0,25266361.4530,0,135010.0,146385.0,281395.0
2025-01-11 16:00:00,186.8500,187.3700,185.8800,187.1100,301871.0,2025-01-11 16:59:59.999,56339826.0860,39714,156651.0,29237557.6050,0,156651.0,145220.0,301871.0
2025-01-11 17:00:00,187.1100,187.1900,185.5500,186.5300,258378.0,2025-01-11 17:59:59.999,48108803.3080,38647,128169.0,23861583.2200,0,128169.0,130209.0,258378.0
2025-01-11 18:00:00,186.5400,187.8100,186.2900,187.5300,213100.0,2025-01-11 18:59:59.999,39863961.7360,31459,105794.0,19795540.1160,0,105794.0,107306.0,213100.0
2025-01-11 19:00:00,187.5300,187.9300,187.0100,187.6500,132594.0,2025-01-11 19:59:59.999,24858908.5730,25629,63428.0,11891446.6430,0,63428.0,69166.0,132594.0
2025-01-11 20:00:00,187.6500,190.6900,187.3800,190.3300,407430.0,2025-01-11 20:59:59.999,77046415.7660,47659,239399.0,45275272.2260,0,239399.0,168031.0,407430.0
2025-01-11 21:00:00,190.3300,191.8200,190.1000,190.9100,462749.0,2025-01-11 21:59:59.999,88373320.0410,54804,232833.0,44470534.1450,0,232833.0,229916.0,462749.0
2025-01-11 22:00:00,190.9200,190.9700,187.9600,188.2300,466681.0,2025-01-11 22:59:59.999,88364411.6780,51443,208750.0,39500569.0280,0,208750.0,257931.0,466681.0
2025-01-11 23:00:00,188.2400,188.6700,187.7800,187.9900,215271.0,2025-01-11 23:59:59.999,40523252.7950,31757,129628.0,24406073.0320,0,129628.0,85643.0,215271.0
2025-01-12 00:00:00,187.9900,188.2100,187.1500,187.2600,286417.0,2025-01-12 00:59:59.999,53728562.3990,42697,148283.0,27818108.7600,0,148283.0,138134.0,286417.0
2025-01-12 01:00:00,187.2600,187.5300,186.4100,187.5100,270913.0,2025-01-12 01:59:59.999,50640844.1980,35205,142260.0,26594612.6900,0,142260.0,128653.0,270913.0
2025-01-12 02:00:00,187.5100,188.3400,186.9300,188.3200,183799.0,2025-01-12 02:59:59.999,34467423.7340,25850,101908.0,19116751.1690,0,101908.0,81891.0,183799.0
2025-01-12 03:00:00,188.3200,188.5000,186.8000,187.2000,206150.0,2025-01-12 03:59:59.999,38658004.2320,27741,82827.0,15531715.3770,0,82827.0,123323.0,206150.0
2025-01-12 04:00:00,187.1900,187.3400,186.5300,186.6900,164002.0,2025-01-12 04:59:59.999,30653554.3980,21962,69549.0,13002671.5400,0,69549.0,94453.0,164002.0
2025-01-12 05:00:00,186.7000,187.1600,186.3000,186.5600,136217.0,2025-01-12 05:59:59.999,25426679.1260,20634,65583.0,12244336.8500,0,65583.0,70634.0,136217.0
2025-01-12 06:00:00,186.5600,186.6900,185.8000,185.8100,175067.0,2025-01-12 06:59:59.999,32613112.9080,26688,87229.0,16254182.9900,0,87229.0,87838.0,175067.0
2025-01-12 07:00:00,185.8100,186.6100,185.4700,186.4700,215189.0,2025-01-12 07:59:59.999,40028187.5460,27241,103937.0,19335547.0200,0,103937.0,111252.0,215189.0
2025-01-12 08:00:00,186.4800,186.8400,185.6000,185.8700,210236.0,2025-01-12 08:59:59.999,39164160.6190,27729,97829.0,18230445.4500,0,97829.0,112407.0,210236.0
2025-01-12 09:00:00,185.8700,186.3300,185.0400,185.7200,387061.0,2025-01-12 09:59:59.999,71843030.2860,38203,171705.0,31877048.1050,0,171705.0,215356.0,387061.0
2025-01-12 10:00:00,185.7200,186.3200,185.2200,186.0000,244295.0,2025-01-12 10:59:59.999,45388710.8580,29927,126952.0,23588023.4080,0,126952.0,117343.0,244295.0
2025-01-12 11:00:00,186.0200,186.9100,185.8800,186.5600,221578.0,2025-01-12 11:59:59.999,41305922.4080,28295,117600.0,21922709.6080,0,117600.0,103978.0,221578.0
2025-01-12 12:00:00,186.5600,187.4800,186.0500,186.9200,283252.0,2025-01-12 12:59:59.999,52936584.3000,34614,145583.0,27210064.6850,0,145583.0,137669.0,283252.0
2025-01-12 13:00:00,186.9100,188.5500,186.6000,187.9500,311987.0,2025-01-12 13:59:59.999,58622604.2010,40153,157750.0,29639249.1610,0,157750.0,154237.0,311987.0
2025-01-12 14:00:00,187.9400,188.8700,187.7100,188.3600,329662.0,2025-01-12 14:59:59.999,62078260.6950,39931,169609.0,31939763.5030,0,169609.0,160053.0,329662.0
2025-01-12 15:00:00,188.3600,190.9800,188.1100,190.3800,569631.0,2025-01-12 15:59:59.999,108093158.9250,62797,295658.0,56099037.7590,0,295658.0,273973.0,569631.0
2025-01-12 16:00:00,190.3800,190.7000,189.0600,189.9400,420812.0,2025-01-12 16:59:59.999,79906210.3670,49662,197551.0,37514289.3760,0,197551.0,223261.0,420812.0
2025-01-12 17:00:00,189.9400,190.4880,189.2400,189.8300,237434.0,2025-01-12 17:59:59.999,45071821.4600,33332,114403.0,21719121.4560,0,114403.0,123031.0,237434.0
2025-01-12 18:00:00,189.8300,190.4000,189.0500,189.4900,194091.0,2025-01-12 18:59:59.999,36801058.5590,28504,92387.0,17522312.7180,0,92387.0,101704.0,194091.0
2025-01-12 19:00:00,189.4900,189.8800,188.5600,188.8300,169163.0,2025-01-12 19:59:59.999,31981010.9700,26853,76869.0,14532364.1900,0,76869.0,92294.0,169163.0
2025-01-12 20:00:00,188.8400,189.9300,188.7200,189.2500,151531.0,2025-01-12 20:59:59.999,28689820.6420,26645,71250.0,13492686.2120,0,71250.0,80281.0,151531.0
2025-01-12 21:00:00,189.2500,189.4600,187.8400,188.3700,254108.0,2025-01-12 21:59:59.999,47885332.4150,36297,110558.0,20837258.4480,0,110558.0,143550.0,254108.0
2025-01-12 22:00:00,188.3700,188.5900,186.4400,186.9200,409171.0,2025-01-12 22:59:59.999,76581935.2690,49669,213565.0,39971055.8900,0,213565.0,195606.0,409171.0
2025-01-12 23:00:00,186.9100,188.6700,186.6500,188.4300,382869.0,2025-01-12 23:59:59.999,71805829.0440,42511,223809.0,41977765.5590,0,223809.0,159060.0,382869.0
2025-01-13 00:00:00,188.4300,191.9400,188.1800,190.5700,827158.0,2025-01-13 00:59:59.999,157684569.0450,96522,397028.0,75671250.5820,0,397028.0,430130.0,827158.0
2025-01-13 01:00:00,190.5600,190.6800,186.7700,187.3000,802458.0,2025-01-13 01:59:59.999,151300751.6200,91503,394457.0,74327879.6990,0,394457.0,408001.0,802458.0
2025-01-13 02:00:00,187.3000,187.5600,184.1900,185.6700,940754.0,2025-01-13 02:59:59.999,174965688.4930,96083,469854.0,87438389.7900,0,469854.0,470900.0,940754.0
2025-01-13 03:00:00,185.6700,186.4600,184.0800,184.9500,523285.0,2025-01-13 03:59:59.999,96962176.7250,67441,270136.0,50053588.1310,0,270136.0,253149.0,523285.0
2025-01-13 04:00:00,184.9400,186.9500,184.5700,185.2500,488020.0,2025-01-13 04:59:59.999,90693312.1700,62947,257750.0,47912659.3540,0,257750.0,230270.0,488020.0
2025-01-13 05:00:00,185.2600,185.4300,183.1400,183.8000,687920.0,2025-01-13 05:59:59.999,126739238.3300,76250,299197.0,55126210.6150,0,299197.0,388723.0,687920.0
2025-01-13 06:00:00,183.8000,184.4200,181.5500,182.0200,910337.0,2025-01-13 06:59:59.999,166531349.1580,94185,405064.0,74132659.1470,0,405064.0,505273.0,910337.0
2025-01-13 07:00:00,182.0200,183.4600,181.3800,182.3900,574181.0,2025-01-13 07:59:59.999,104695423.1980,67426,302810.0,55231981.7740,0,302810.0,271371.0,574181.0
2025-01-13 08:00:00,182.3900,182.4700,180.0500,180.4900,885623.0,2025-01-13 08:59:59.999,160337936.5750,85267,352805.0,63896621.9020,0,352805.0,532818.0,885623.0
2025-01-13 09:00:00,180.4800,180.8000,178.5400,179.9300,1003659.0,2025-01-13 09:59:59.999,180591034.0920,106508,441365.0,79453481.8860,0,441365.0,562294.0,1003659.0
2025-01-13 10:00:00,179.9300,180.2300,178.0000,178.3400,1146148.0,2025-01-13 10:59:59.999,205020516.1720,120229,560594.0,100280631.0090,0,560594.0,585554.0,1146148.0
2025-01-13 11:00:00,178.3300,178.4000,175.1200,175.3300,1669279.0,2025-01-13 11:59:59.999,294954217.9680,148363,724794.0,128135162.8000,0,724794.0,944485.0,1669279.0
2025-01-13 12:00:00,175.3300,177.5200,174.6600,175.1500,1606116.0,2025-01-13 12:59:59.999,282736709.0200,148156,768001.0,135281953.3110,0,768001.0,838115.0,1606116.0
2025-01-13 13:00:00,175.1500,178.1800,174.1660,175.7800,1457717.0,2025-01-13 13:59:59.999,257280817.1390,141738,765493.0,135125865.8670,0,765493.0,692224.0,1457717.0
2025-01-13 14:00:00,175.7900,176.6200,167.7100,175.3600,4046025.0,2025-01-13 14:59:59.999,702079706.2160,347023,1807148.0,314091291.7080,0,1807148.0,2238877.0,4046025.0
2025-01-13 15:00:00,175.3600,180.2200,174.8600,178.6800,1960185.0,2025-01-13 15:59:59.999,349237693.9750,201006,998774.0,177970530.3380,0,998774.0,961411.0,1960185.0
2025-01-13 16:00:00,178.6900,179.7200,176.1000,176.2200,928117.0,2025-01-13 16:59:59.999,165013392.2860,105055,424533.0,75510478.8170,0,424533.0,503584.0,928117.0
2025-01-13 17:00:00,176.2100,178.3200,175.4500,176.2800,725871.0,2025-01-13 17:59:59.999,128267837.5110,88955,379067.0,67001976.7090,0,379067.0,346804.0,725871.0
2025-01-13 18:00:00,176.2700,177.8900,174.3500,175.9300,733153.0,2025-01-13 18:59:59.999,128863763.2470,94163,368221.0,64735434.6310,0,368221.0,364932.0,733153.0
2025-01-13 19:00:00,175.9200,178.6000,175.0200,177.5100,598888.0,2025-01-13 19:59:59.999,105968849.6680,81913,297431.0,52623146.1610,0,297431.0,301457.0,598888.0
2025-01-13 20:00:00,177.5000,182.3300,176.5100,181.4900,806813.0,2025-01-13 20:59:59.999,145029720.1510,92799,411538.0,73955415.3180,0,411538.0,395275.0,806813.0
2025-01-13 21:00:00,181.5000,182.0300,180.2200,181.7800,740480.0,2025-01-13 21:59:59.999,134235131.6300,84556,329946.0,59824489.1750,0,329946.0,410534.0,740480.0
2025-01-13 22:00:00,181.7800,183.3900,181.5200,182.9700,589996.0,2025-01-13 22:59:59.999,107751781.8610,59959,301462.0,55066246.3170,0,301462.0,288534.0,589996.0
2025-01-13 23:00:00,182.9700,183.7100,182.5600,182.7800,256974.0,2025-01-13 23:59:59.999,47050296.9610,32682,121063.0,22168228.3560,0,121063.0,135911.0,256974.0
2025-01-14 00:00:00,182.7700,182.9300,181.7700,182.3000,398177.0,2025-01-14 00:59:59.999,72587399.2760,48724,191483.0,34909886.3700,0,191483.0,206694.0,398177.0
2025-01-14 01:00:00,182.3000,184.0900,182.2400,182.5300,399041.0,2025-01-14 01:59:59.999,73078368.5610,47376,177723.0,32555591.2210,0,177723.0,221318.0,399041.0
2025-01-14 02:00:00,182.5200,184.0600,181.9600,183.2700,412732.0,2025-01-14 02:59:59.999,75573077.8380,52514,182547.0,33431379.4640,0,182547.0,230185.0,412732.0
2025-01-14 03:00:00,183.2700,184.5500,183.2200,184.1100,278675.0,2025-01-14 03:59:59.999,51294643.9780,39047,159110.0,29288082.0730,0,159110.0,119565.0,278675.0
2025-01-14 04:00:00,184.1100,185.8800,184.1000,185.7700,326723.0,2025-01-14 04:59:59.999,60462343.1890,39119,184006.0,34062246.7200,0,184006.0,142717.0,326723.0
2025-01-14 05:00:00,185.7800,186.6200,184.6400,185.1300,473425.0,2025-01-14 05:59:59.999,87902562.0470,52298,214754.0,39886217.6220,0,214754.0,258671.0,473425.0
2025-01-14 06:00:00,185.1300,186.8800,185.1300,186.2000,445668.0,2025-01-14 06:59:59.999,82923134.4790,43506,226762.0,42190494.8480,0,226762.0,218906.0,445668.0
2025-01-14 07:00:00,186.2000,186.2700,185.2400,185.5200,286077.0,2025-01-14 07:59:59.999,53125356.9410,32419,150379.0,27931217.1300,0,150379.0,135698.0,286077.0
2025-01-14 08:00:00,185.5200,187.4100,185.5000,186.7400,488841.0,2025-01-14 08:59:59.999,91256505.1270,52397,264106.0,49304376.1270,0,264106.0,224735.0,488841.0
2025-01-14 09:00:00,186.7500,189.9800,186.3300,189.3200,957429.0,2025-01-14 09:59:59.999,180498848.7780,89293,505708.0,95308657.7860,0,505708.0,451721.0,957429.0
2025-01-14 10:00:00,189.3200,189.3500,187.4100,187.6500,606486.0,2025-01-14 10:59:59.999,114128136.6290,56725,250937.0,47227660.9600,0,250937.0,355549.0,606486.0
2025-01-14 11:00:00,187.6400,188.0800,186.6200,186.9700,442998.0,2025-01-14 11:59:59.999,82982815.4290,48200,189092.0,35429327.2340,0,189092.0,253906.0,442998.0
2025-01-14 12:00:00,186.9700,187.1700,185.6500,186.0000,654282.0,2025-01-14 12:59:59.999,121961602.5570,64062,294374.0,54875108.1000,0,294374.0,359908.0,654282.0
2025-01-14 13:00:00,186.0100,188.8100,185.5300,187.9600,964165.0,2025-01-14 13:59:59.999,180573215.9010,102715,515086.0,96484667.1960,0,515086.0,449079.0,964165.0
2025-01-14 14:00:00,187.9700,190.0800,186.8500,187.1100,903206.0,2025-01-14 14:59:59.999,170137472.9450,98579,464062.0,87430042.1060,0,464062.0,439144.0,903206.0
2025-01-14 15:00:00,187.1100,188.5600,186.6900,186.7400,454888.0,2025-01-14 15:59:59.999,85338828.3150,59573,237685.0,44595652.5000,0,237685.0,217203.0,454888.0
2025-01-14 16:00:00,186.7300,187.2400,185.6400,186.3900,668670.0,2025-01-14 16:59:59.999,124539583.3270,72462,313833.0,58465573.6200,0,313833.0,354837.0,668670.0
2025-01-14 17:00:00,186.3900,187.8400,185.8900,186.5700,415417.0,2025-01-14 17:59:59.999,77612073.5910,47870,233521.0,43635484.7910,0,233521.0,181896.0,415417.0
2025-01-14 18:00:00,186.5700,187.1600,185.9200,186.5500,397996.0,2025-01-14 18:59:59.999,74278790.7740,45111,202223.0,37745518.5600,0,202223.0,195773.0,397996.0
2025-01-14 19:00:00,186.5600,187.5000,186.0500,186.9900,283199.0,2025-01-14 19:59:59.999,52904149.3400,35418,140356.0,26215997.2150,0,140356.0,142843.0,283199.0
2025-01-14 20:00:00,186.9900,187.2000,185.7200,187.0700,334497.0,2025-01-14 20:59:59.999,62384121.2380,44164,167600.0,31256767.6650,0,167600.0,166897.0,334497.0
2025-01-14 21:00:00,187.0700,187.8300,186.5800,187.1900,190196.0,2025-01-14 21:59:59.999,35590167.4660,29702,88316.0,16525871.2360,0,88316.0,101880.0,190196.0
2025-01-14 22:00:00,187.1800,188.7400,186.9800,188.6100,194737.0,2025-01-14 22:59:59.999,36586268.5730,28048,109617.0,20592249.2830,0,109617.0,85120.0,194737.0
2025-01-14 23:00:00,188.6100,188.7400,187.2300,187.4600,230079.0,2025-01-14 23:59:59.999,43251134.8150,28657,107440.0,20205193.7800,0,107440.0,122639.0,230079.0
2025-01-15 00:00:00,187.4500,188.1600,186.9000,187.3200,292857.0,2025-01-15 00:59:59.999,54900051.2450,40093,134795.0,25270190.7200,0,134795.0,158062.0,292857.0
2025-01-15 01:00:00,187.3100,188.8300,186.9900,188.0300,338563.0,2025-01-15 01:59:59.999,63662905.6210,47332,178038.0,33482914.4870,0,178038.0,160525.0,338563.0
2025-01-15 02:00:00,188.0300,188.4800,186.9000,187.2100,319018.0,2025-01-15 02:59:59.999,59834397.3690,48503,157000.0,29443917.2320,0,157000.0,162018.0,319018.0
2025-01-15 03:00:00,187.2000,189.6600,187.1600,189.6400,394386.0,2025-01-15 03:59:59.999,74331892.3060,43788,234421.0,44190691.8650,0,234421.0,159965.0,394386.0
2025-01-15 04:00:00,189.6400,190.0100,188.5900,189.6100,334452.0,2025-01-15 04:59:59.999,63334300.7440,40344,174919.0,33126562.6220,0,174919.0,159533.0,334452.0
2025-01-15 05:00:00,189.6100,189.7100,188.2100,189.5200,245330.0,2025-01-15 05:59:59.999,46360267.3510,30301,116901.0,22094587.2600,0,116901.0,128429.0,245330.0
2025-01-15 06:00:00,189.5200,189.6000,188.3100,189.2400,195449.0,2025-01-15 06:59:59.999,36915425.5540,26835,98071.0,18524660.3640,0,98071.0,97378.0,195449.0
2025-01-15 07:00:00,189.2400,190.6900,189.2000,189.8800,424923.0,2025-01-15 07:59:59.999,80775023.6660,43151,216532.0,41156761.0060,0,216532.0,208391.0,424923.0
2025-01-15 08:00:00,189.8800,190.5900,189.0500,189.0500,368454.0,2025-01-15 08:59:59.999,69975575.2740,41166,158299.0,30063795.3100,0,158299.0,210155.0,368454.0
2025-01-15 09:00:00,189.0500,189.4200,186.3200,186.5200,826078.0,2025-01-15 09:59:59.999,155059941.8130,79334,391675.0,73506226.3180,0,391675.0,434403.0,826078.0
2025-01-15 10:00:00,186.5200,187.8200,186.4000,187.4600,359431.0,2025-01-15 10:59:59.999,67263209.9050,44272,174208.0,32599459.3650,0,174208.0,185223.0,359431.0
2025-01-15 11:00:00,187.4500,187.5520,185.7600,186.8800,577229.0,2025-01-15 11:59:59.999,107640272.1910,59929,273684.0,51044446.6530,0,273684.0,303545.0,577229.0
2025-01-15 12:00:00,186.8800,187.2000,185.9000,186.2900,396198.0,2025-01-15 12:59:59.999,73878912.5700,46551,223991.0,41765673.9900,0,223991.0,172207.0,396198.0
2025-01-15 13:00:00,186.2900,195.6100,186.2300,195.5800,2373619.0,2025-01-15 13:59:59.999,456699905.6370,199643,1222264.0,235023418.6070,0,1222264.0,1151355.0,2373619.0
2025-01-15 14:00:00,195.5700,197.0800,192.8800,195.6000,1766872.0,2025-01-15 14:59:59.999,344109856.5460,163056,790306.0,153973371.8130,0,790306.0,976566.0,1766872.0
2025-01-15 15:00:00,195.6000,197.9800,195.5600,196.3900,1316654.0,2025-01-15 15:59:59.999,259125624.9200,129545,640932.0,126155027.6130,0,640932.0,675722.0,1316654.0
2025-01-15 16:00:00,196.3900,198.6000,196.2900,197.9500,812244.0,2025-01-15 16:59:59.999,160459773.4770,84662,395450.0,78126287.4350,0,395450.0,416794.0,812244.0
2025-01-15 17:00:00,197.9500,199.1900,197.4400,197.6100,688198.0,2025-01-15 17:59:59.999,136488541.5200,70439,335374.0,66532594.3670,0,335374.0,352824.0,688198.0
2025-01-15 18:00:00,197.6100,201.7900,197.6100,201.2000,894944.0,2025-01-15 18:59:59.999,178983166.3550,80940,522933.0,104593626.5120,0,522933.0,372011.0,894944.0
2025-01-15 19:00:00,201.2000,202.3200,200.1400,201.8200,779571.0,2025-01-15 19:59:59.999,156963859.9940,72338,400532.0,80663286.3210,0,400532.0,379039.0,779571.0
2025-01-15 20:00:00,201.8300,204.7100,201.8300,202.6600,1161789.0,2025-01-15 20:59:59.999,236242189.5290,112340,608631.0,123757638.2140,0,608631.0,553158.0,1161789.0
2025-01-15 21:00:00,202.6900,203.8000,202.3800,202.7700,489927.0,2025-01-15 21:59:59.999,99457204.6250,59039,281875.0,57229105.2290,0,281875.0,208052.0,489927.0
2025-01-15 22:00:00,202.7700,204.9400,202.4200,204.4200,464411.0,2025-01-15 22:59:59.999,94526227.3360,54623,238284.0,48504810.5530,0,238284.0,226127.0,464411.0
2025-01-15 23:00:00,204.4200,205.9400,203.7700,205.7600,460806.0,2025-01-15 23:59:59.999,94423625.8530,56267,266547.0,54612747.1550,0,266547.0,194259.0,460806.0
2025-01-16 00:00:00,205.7600,206.2100,203.0000,204.5100,783597.0,2025-01-16 00:59:59.999,160240882.5780,91434,355504.0,72699606.4070,0,355504.0,428093.0,783597.0
2025-01-16 01:00:00,204.5100,205.3200,203.0500,204.0200,441620.0,2025-01-16 01:59:59.999,90035351.7610,53082,240759.0,49075698.0490,0,240759.0,200861.0,441620.0
2025-01-16 02:00:00,204.0200,204.0200,202.3500,202.8600,472616.0,2025-01-16 02:59:59.999,95900235.4610,50720,197354.0,40039494.4730,0,197354.0,275262.0,472616.0
2025-01-16 03:00:00,202.8500,203.1900,201.2800,201.9300,439262.0,2025-01-16 03:59:59.999,88791762.0940,48434,201549.0,40753691.3920,0,201549.0,237713.0,439262.0
2025-01-16 04:00:00,201.9300,202.3800,201.4200,201.7800,195687.0,2025-01-16 04:59:59.999,39487995.5150,26950,89342.0,18029144.7280,0,89342.0,106345.0,195687.0
2025-01-16 05:00:00,201.7800,203.1100,201.5200,202.9300,269266.0,2025-01-16 05:59:59.999,54521599.8870,34022,132680.0,26864067.0100,0,132680.0,136586.0,269266.0
2025-01-16 06:00:00,202.9300,203.3800,202.3800,202.9200,235214.0,2025-01-16 06:59:59.999,47709176.7440,27748,104202.0,21139311.5740,0,104202.0,131012.0,235214.0
2025-01-16 07:00:00,202.9200,203.4600,202.4800,203.0600,184406.0,2025-01-16 07:59:59.999,37416973.2510,24311,94404.0,19156647.0020,0,94404.0,90002.0,184406.0
2025-01-16 08:00:00,203.0600,203.3400,198.9600,199.6500,907652.0,2025-01-16 08:59:59.999,182122307.8010,87454,374082.0,75057489.7150,0,374082.0,533570.0,907652.0
2025-01-16 09:00:00,199.6500,201.4000,198.4200,201.1500,737589.0,2025-01-16 09:59:59.999,147366935.5910,72038,403280.0,80613157.5570,0,403280.0,334309.0,737589.0
2025-01-16 10:00:00,201.1600,201.4500,200.2400,200.3300,242914.0,2025-01-16 10:59:59.999,48788825.5590,30463,106435.0,21378439.8890,0,106435.0,136479.0,242914.0
2025-01-16 11:00:00,200.3400,212.6800,199.6800,212.6700,3729783.0,2025-01-16 11:59:59.999,769892957.9220,324568,2098567.0,433329594.9210,0,2098567.0,1631216.0,3729783.0
2025-01-16 12:00:00,212.6600,217.1400,212.5400,215.1100,3122199.0,2025-01-16 12:59:59.999,670283858.3320,312811,1518740.0,326114599.2750,0,1518740.0,1603459.0,3122199.0
2025-01-16 13:00:00,215.1100,215.5100,208.4000,209.8100,2151551.0,2025-01-16 13:59:59.999,454912315.4540,213621,985222.0,208274955.0130,0,985222.0,1166329.0,2151551.0
2025-01-16 14:00:00,209.8200,210.8200,205.4200,207.6800,1912174.0,2025-01-16 14:59:59.999,397821511.2910,204323,916901.0,190858924.8230,0,916901.0,995273.0,1912174.0
2025-01-16 15:00:00,207.6700,209.8000,206.2600,208.9900,1464313.0,2025-01-16 15:59:59.999,305111122.2670,157408,799723.0,166704944.9970,0,799723.0,664590.0,1464313.0
2025-01-16 16:00:00,208.9900,214.6800,208.7700,213.0300,1519836.0,2025-01-16 16:59:59.999,322833404.5190,162994,735963.0,156279429.8630,0,735963.0,783873.0,1519836.0
2025-01-16 17:00:00,213.0200,215.4100,212.2800,214.4100,870282.0,2025-01-16 17:59:59.999,186488969.1410,105664,424405.0,90970767.4860,0,424405.0,445877.0,870282.0
2025-01-16 18:00:00,214.4200,215.1100,211.2100,212.6300,782004.0,2025-01-16 18:59:59.999,166615893.8990,80988,318077.0,67760780.7200,0,318077.0,463927.0,782004.0
2025-01-16 19:00:00,212.6300,214.2000,212.1100,214.1100,327199.0,2025-01-16 19:59:59.999,69708714.5050,45210,209647.0,44672108.3410,0,209647.0,117552.0,327199.0
2025-01-16 20:00:00,214.1200,214.4900,212.3400,213.2000,321044.0,2025-01-16 20:59:59.999,68539912.2610,47782,144597.0,30870236.7150,0,144597.0,176447.0,321044.0
2025-01-16 21:00:00,213.1700,213.2500,211.3200,211.5600,409753.0,2025-01-16 21:59:59.999,86910837.7150,55128,184961.0,39237853.1440,0,184961.0,224792.0,409753.0
2025-01-16 22:00:00,211.5600,211.5900,208.4000,209.7000,719574.0,2025-01-16 22:59:59.999,151013955.6190,68236,328780.0,68985031.7580,0,328780.0,390794.0,719574.0
2025-01-16 23:00:00,209.6900,211.4400,209.6100,211.0200,359910.0,2025-01-16 23:59:59.999,75757567.7930,46908,179554.0,37802830.0730,0,179554.0,180356.0,359910.0
2025-01-17 00:00:00,211.0300,212.0600,209.7100,210.8000,397331.0,2025-01-17 00:59:59.999,83730653.9540,52348,169841.0,35801699.6920,0,169841.0,227490.0,397331.0
2025-01-17 01:00:00,210.8000,215.2300,210.7400,214.3800,804127.0,2025-01-17 01:59:59.999,171533316.1770,89349,465150.0,99212808.5700,0,465150.0,338977.0,804127.0
2025-01-17 02:00:00,214.3700,214.8400,211.6600,212.9200,687626.0,2025-01-17 02:59:59.999,146802766.6490,78657,324593.0,69303171.8240,0,324593.0,363033.0,687626.0
2025-01-17 03:00:00,212.9200,213.0000,210.9000,211.0400,320627.0,2025-01-17 03:59:59.999,67946668.2160,43200,144734.0,30674212.8020,0,144734.0,175893.0,320627.0
2025-01-17 04:00:00,211.0400,212.8100,210.8800,212.8000,344687.0,2025-01-17 04:59:59.999,73039953.2120,41862,185201.0,39250279.1260,0,185201.0,159486.0,344687.0
2025-01-17 05:00:00,212.8000,213.1500,211.7500,212.4300,281452.0,2025-01-17 05:59:59.999,59778580.1040,40295,121392.0,25786125.4780,0,121392.0,160060.0,281452.0
2025-01-17 06:00:00,212.4200,213.5000,212.0000,212.5300,499762.0,2025-01-17 06:59:59.999,106349188.6140,47165,247899.0,52765153.7740,0,247899.0,251863.0,499762.0
2025-01-17 07:00:00,212.5300,213.7500,212.1900,213.2000,286875.0,2025-01-17 07:59:59.999,61096876.9420,39132,133511.0,28434771.0760,0,133511.0,153364.0,286875.0
2025-01-17 08:00:00,213.2000,216.2800,213.1500,216.2200,932288.0,2025-01-17 08:59:59.999,200300365.4120,99033,497537.0,106908369.9030,0,497537.0,434751.0,932288.0
2025-01-17 09:00:00,216.2300,216.7600,214.7800,215.2400,702132.0,2025-01-17 09:59:59.999,151426623.8480,84139,348221.0,75117983.1320,0,348221.0,353911.0,702132.0
2025-01-17 10:00:00,215.2400,217.8700,214.5300,217.2400,955219.0,2025-01-17 10:59:59.999,206875873.6650,95301,467068.0,101151153.4400,0,467068.0,488151.0,955219.0
2025-01-17 11:00:00,217.2400,219.6400,216.4500,218.7200,1205599.0,2025-01-17 11:59:59.999,263263283.0530,114197,572603.0,125032057.8330,0,572603.0,632996.0,1205599.0
2025-01-17 12:00:00,218.7100,220.4200,218.2700,220.2900,1298164.0,2025-01-17 12:59:59.999,284828215.7250,115733,552126.0,121162573.0410,0,552126.0,746038.0,1298164.0
2025-01-17 13:00:00,220.2800,222.0900,219.5600,219.9200,1433413.0,2025-01-17 13:59:59.999,316518731.9710,139204,664584.0,146774119.3080,0,664584.0,768829.0,1433413.0
2025-01-17 14:00:00,219.9200,221.5900,218.1900,219.2200,1221367.0,2025-01-17 14:59:59.999,268364865.9010,151361,585026.0,128579362.7200,0,585026.0,636341.0,1221367.0
2025-01-17 15:00:00,219.2200,220.6300,216.2600,218.5300,1430766.0,2025-01-17 15:59:59.999,312545704.6610,157399,678068.0,148191915.8590,0,678068.0,752698.0,1430766.0
2025-01-17 16:00:00,218.5300,221.9200,217.7500,220.7400,869377.0,2025-01-17 16:59:59.999,191516483.2620,102503,470340.0,103593150.9010,0,470340.0,399037.0,869377.0
2025-01-17 17:00:00,220.7400,221.4500,215.8800,216.4500,1123034.0,2025-01-17 17:59:59.999,244824489.1480,103082,464919.0,101326868.8740,0,464919.0,658115.0,1123034.0
2025-01-17 18:00:00,216.4500,217.2600,215.5500,216.4000,540191.0,2025-01-17 18:59:59.999,116980295.1660,65698,267305.0,57904046.3910,0,267305.0,272886.0,540191.0
2025-01-17 19:00:00,216.4000,217.8300,216.0500,217.0500,459023.0,2025-01-17 19:59:59.999,99605766.5600,57787,258099.0,56018629.5080,0,258099.0,200924.0,459023.0
2025-01-17 20:00:00,217.0400,221.1500,216.3300,220.2700,1040652.0,2025-01-17 20:59:59.999,228115752.0230,96975,538546.0,118041581.8180,0,538546.0,502106.0,1040652.0
2025-01-17 21:00:00,220.2600,220.4100,216.6200,218.4300,572682.0,2025-01-17 21:59:59.999,124899753.5160,71493,255419.0,55691146.6470,0,255419.0,317263.0,572682.0
2025-01-17 22:00:00,218.4200,220.9900,218.3200,219.1600,556290.0,2025-01-17 22:59:59.999,122084305.7560,55908,291369.0,63965482.3240,0,291369.0,264921.0,556290.0
2025-01-17 23:00:00,219.1500,220.8300,218.6800,219.4600,373163.0,2025-01-17 23:59:59.999,82027028.0180,43626,208373.0,45810279.5000,0,208373.0,164790.0,373163.0
2025-01-18 00:00:00,219.4600,221.1500,219.0400,219.9000,459763.0,2025-01-18 00:59:59.999,101168597.9180,56895,247251.0,54423047.4080,0,247251.0,212512.0,459763.0
2025-01-18 01:00:00,219.9000,219.9600,217.8200,218.7900,391211.0,2025-01-18 01:59:59.999,85576009.6030,51934,181224.0,39637063.7390,0,181224.0,209987.0,391211.0
2025-01-18 02:00:00,218.7900,221.9900,217.1800,221.9800,868325.0,2025-01-18 02:59:59.999,190852471.9420,90458,476646.0,104771241.4300,0,476646.0,391679.0,868325.0
2025-01-18 03:00:00,221.9800,228.6300,219.1200,220.3200,4864491.0,2025-01-18 03:59:59.999,1088867991.6840,469249,2686227.0,601403809.4180,0,2686227.0,2178264.0,4864491.0
2025-01-18 04:00:00,220.3200,230.3000,219.6900,228.3600,3552309.0,2025-01-18 04:59:59.999,803118558.7140,424450,1826795.0,412957013.2630,0,1826795.0,1725514.0,3552309.0
2025-01-18 05:00:00,228.3600,231.5000,225.4800,226.0100,2977437.0,2025-01-18 05:59:59.999,680335412.0520,341962,1465047.0,334979146.6150,0,1465047.0,1512390.0,2977437.0
2025-01-18 06:00:00,226.0100,238.0000,225.8800,236.1700,3855659.0,2025-01-18 06:59:59.999,903013563.1230,426577,1916976.0,448755934.6470,0,1916976.0,1938683.0,3855659.0
2025-01-18 07:00:00,236.1700,237.2000,231.8800,232.8100,1928756.0,2025-01-18 07:59:59.999,451161250.2350,230310,923253.0,215986467.5440,0,923253.0,1005503.0,1928756.0
2025-01-18 08:00:00,232.8100,240.4000,230.6500,238.7000,2794547.0,2025-01-18 08:59:59.999,660954629.7650,334848,1451625.0,343620131.4420,0,1451625.0,1342922.0,2794547.0
2025-01-18 09:00:00,238.7000,241.7500,236.1300,238.0300,2102199.0,2025-01-18 09:59:59.999,502143391.9620,239611,1103519.0,263739862.7420,0,1103519.0,998680.0,2102199.0
2025-01-18 10:00:00,238.0400,244.8800,237.7100,243.0000,3300967.0,2025-01-18 10:59:59.999,797406506.8780,375745,1693569.0,409150959.6920,0,1693569.0,1607398.0,3300967.0
2025-01-18 11:00:00,243.0000,244.2200,237.6200,238.8500,1865212.0,2025-01-18 11:59:59.999,448543130.9310,237884,890158.0,214273570.8570,0,890158.0,975054.0,1865212.0
2025-01-18 12:00:00,238.8500,244.4500,238.8000,243.2400,1456832.0,2025-01-18 12:59:59.999,352904823.2430,185721,750960.0,181826772.8850,0,750960.0,705872.0,1456832.0
2025-01-18 13:00:00,243.2300,243.7700,239.0600,240.1700,1480805.0,2025-01-18 13:59:59.999,356759220.0820,188030,689165.0,166027552.6970,0,689165.0,791640.0,1480805.0
2025-01-18 14:00:00,240.1700,243.9400,239.8200,242.7200,1695318.0,2025-01-18 14:59:59.999,410507210.0960,207917,829155.0,200790356.6610,0,829155.0,866163.0,1695318.0
2025-01-18 15:00:00,242.7200,260.0000,240.6800,257.6700,5718219.0,2025-01-18 15:59:59.999,1433765261.7910,596186,2998457.0,751237663.7340,0,2998457.0,2719762.0,5718219.0
2025-01-18 16:00:00,257.6800,270.7000,242.3300,242.6100,11475387.0,2025-01-18 16:59:59.999,2932764925.5040,1130424,5679321.0,1453152444.6030,0,5679321.0,5796066.0,11475387.0
2025-01-18 17:00:00,242.6100,254.7500,242.4600,252.0300,4038563.0,2025-01-18 17:59:59.999,1010949625.7810,463413,2087936.0,522397041.4040,0,2087936.0,1950627.0,4038563.0
2025-01-18 18:00:00,252.0300,257.9200,251.9500,254.4700,2236842.0,2025-01-18 18:59:59.999,570059276.3770,290618,1152210.0,293711864.3040,0,1152210.0,1084632.0,2236842.0
2025-01-18 19:00:00,254.4600,259.2200,253.6500,255.2800,1630757.0,2025-01-18 19:59:59.999,418404380.3140,206593,809555.0,207747172.2140,0,809555.0,821202.0,1630757.0
2025-01-18 20:00:00,255.2800,257.5000,247.1400,248.3600,1742435.0,2025-01-18 20:59:59.999,439548161.3350,220568,753376.0,190150134.0230,0,753376.0,989059.0,1742435.0
2025-01-18 21:00:00,248.3700,254.5400,247.5100,252.5400,1001382.0,2025-01-18 21:59:59.999,251292986.9470,152059,539581.0,135346898.9490,0,539581.0,461801.0,1001382.0
2025-01-18 22:00:00,252.5400,256.6500,251.8000,254.3200,778923.0,2025-01-18 22:59:59.999,198326808.9850,103730,394943.0,100586935.1370,0,394943.0,383980.0,778923.0
2025-01-18 23:00:00,254.3200,264.6400,254.1500,261.9000,2260242.0,2025-01-18 23:59:59.999,587976265.7220,256972,1150288.0,299152153.9620,0,1150288.0,1109954.0,2260242.0
2025-01-19 00:00:00,261.9100,265.0000,256.3100,256.5800,2041306.0,2025-01-19 00:59:59.999,533189388.6180,285446,977284.0,255573470.2910,0,977284.0,1064022.0,2041306.0
2025-01-19 01:00:00,256.5800,257.6400,253.3300,255.4800,1390500.0,2025-01-19 01:59:59.999,355071780.9870,185274,675838.0,172625215.8530,0,675838.0,714662.0,1390500.0
2025-01-19 02:00:00,255.4800,258.9700,253.4400,254.3200,939529.0,2025-01-19 02:59:59.999,241087696.3480,128906,454691.0,116755204.8070,0,454691.0,484838.0,939529.0
2025-01-19 03:00:00,254.3200,258.9800,252.0400,255.4500,1407500.0,2025-01-19 03:59:59.999,359308917.9590,173617,728627.0,186119680.5700,0,728627.0,678873.0,1407500.0
2025-01-19 04:00:00,255.4600,275.0000,254.0600,273.5500,5636999.0,2025-01-19 04:59:59.999,1501235523.1080,747203,2924618.0,779069860.0970,0,2924618.0,2712381.0,5636999.0
2025-01-19 05:00:00,273.5500,274.2800,264.9700,266.2800,2751998.0,2025-01-19 05:59:59.999,742163677.2740,421681,1270180.0,342668458.3820,0,1270180.0,1481818.0,2751998.0
2025-01-19 06:00:00,266.2900,274.9800,265.8000,274.5200,1623318.0,2025-01-19 06:59:59.999,438958643.1620,286271,886485.0,239767159.8190,0,886485.0,736833.0,1623318.0
2025-01-19 07:00:00,274.5200,277.8500,271.0000,271.3300,2703012.0,2025-01-19 07:59:59.999,741334801.8160,420840,1297428.0,356021588.3830,0,1297428.0,1405584.0,2703012.0
2025-01-19 08:00:00,271.3200,275.4400,268.2200,274.4000,2405123.0,2025-01-19 08:59:59.999,653222523.9690,400160,1132887.0,307884126.6700,0,1132887.0,1272236.0,2405123.0
2025-01-19 09:00:00,274.4000,279.2900,265.7900,273.7800,4283193.0,2025-01-19 09:59:59.999,1172522563.5410,645855,2043500.0,559771970.9730,0,2043500.0,2239693.0,4283193.0
2025-01-19 10:00:00,273.7700,289.7300,272.4700,284.2300,4555679.0,2025-01-19 10:59:59.999,1284797127.0570,624512,2369810.0,668734879.5860,0,2369810.0,2185869.0,4555679.0
2025-01-19 11:00:00,284.2400,295.6000,283.9400,286.0900,4207111.0,2025-01-19 11:59:59.999,1225453969.5070,598608,2124853.0,619281827.8500,0,2124853.0,2082258.0,4207111.0
2025-01-19 12:00:00,286.0900,289.5200,275.0900,277.2400,3736028.0,2025-01-19 12:59:59.999,1051271446.8810,523384,1793986.0,505057022.0110,0,1793986.0,1942042.0,3736028.0
2025-01-19 13:00:00,277.2400,289.0000,276.6000,282.6000,2386719.0,2025-01-19 13:59:59.999,676709300.1330,330539,1210107.0,343112055.5500,0,1210107.0,1176612.0,2386719.0
2025-01-19 14:00:00,282.6600,285.6000,267.4700,270.5200,4225931.0,2025-01-19 14:59:59.999,1156565029.6230,564374,1987388.0,544102802.7350,0,1987388.0,2238543.0,4225931.0
2025-01-19 15:00:00,270.5300,272.9000,263.2600,270.5100,2577740.0,2025-01-19 15:59:59.999,692070250.3660,374892,1289573.0,346518063.4360,0,1289573.0,1288167.0,2577740.0
2025-01-19 16:00:00,270.5100,271.2400,263.8900,268.8200,1620807.0,2025-01-19 16:59:59.999,432999148.6180,224546,812158.0,216993685.7350,0,812158.0,808649.0,1620807.0
2025-01-19 17:00:00,268.8300,271.4500,264.1200,271.2500,1326765.0,2025-01-19 17:59:59.999,355422442.4900,184315,663386.0,177841256.0830,0,663386.0,663379.0,1326765.0
2025-01-19 18:00:00,271.2500,275.2500,270.1600,272.0600,1407304.0,2025-01-19 18:59:59.999,384047085.0630,201777,741614.0,202454549.0110,0,741614.0,665690.0,1407304.0
2025-01-19 19:00:00,272.0500,272.8400,267.8200,269.3900,834820.0,2025-01-19 19:59:59.999,225589232.6520,128026,356627.0,96423266.3560,0,356627.0,478193.0,834820.0
2025-01-19 20:00:00,269.3900,277.5600,268.7200,277.3600,1268573.0,2025-01-19 20:59:59.999,347978927.8050,188464,640696.0,175705222.8630,0,640696.0,627877.0,1268573.0
2025-01-19 21:00:00,277.3600,278.0900,251.7800,254.8500,6285017.0,2025-01-19 21:59:59.999,1664122014.8650,707802,2623015.0,695649302.2480,0,2623015.0,3662002.0,6285017.0
2025-01-19 22:00:00,254.8700,258.6500,239.5000,252.8200,7045963.0,2025-01-19 22:59:59.999,1761171261.8320,710968,3407307.0,853377512.0330,0,3407307.0,3638656.0,7045963.0
2025-01-19 23:00:00,252.8200,254.8900,237.6900,252.5200,6809887.0,2025-01-19 23:59:59.999,1677945210.1490,749473,3242806.0,798908559.6190,0,3242806.0,3567081.0,6809887.0
2025-01-20 00:00:00,252.4900,252.6900,235.3000,236.0400,4873098.0,2025-01-20 00:59:59.999,1192081118.5220,670851,2368992.0,579515686.2020,0,2368992.0,2504106.0,4873098.0
2025-01-20 01:00:00,236.0500,247.4300,235.6710,241.9300,2855051.0,2025-01-20 01:59:59.999,692288362.6100,451037,1432746.0,347487515.4900,0,1432746.0,1422305.0,2855051.0
2025-01-20 02:00:00,241.9200,247.8000,229.6100,232.0200,3144160.0,2025-01-20 02:59:59.999,751666570.7640,417937,1482215.0,355308036.0220,0,1482215.0,1661945.0,3144160.0
2025-01-20 03:00:00,232.0200,243.7200,229.2700,241.3500,2368598.0,2025-01-20 03:59:59.999,563753081.3980,314296,1185676.0,282024208.4750,0,1185676.0,1182922.0,2368598.0
2025-01-20 04:00:00,241.3400,246.4400,238.8500,243.5700,1293858.0,2025-01-20 04:59:59.999,313573393.0480,214078,651024.0,157872732.0290,0,651024.0,642834.0,1293858.0
2025-01-20 05:00:00,243.5500,248.4900,243.2500,244.6300,1408136.0,2025-01-20 05:59:59.999,346299932.8890,237340,733522.0,180397746.2730,0,733522.0,674614.0,1408136.0
2025-01-20 06:00:00,244.6300,259.3500,242.3400,257.5800,2898864.0,2025-01-20 06:59:59.999,730130109.8660,352498,1494621.0,376946155.7000,0,1494621.0,1404243.0,2898864.0
2025-01-20 07:00:00,257.5800,264.2100,255.2300,261.7700,3418740.0,2025-01-20 07:59:59.999,886914465.7230,439370,1632900.0,423773097.8270,0,1632900.0,1785840.0,3418740.0
2025-01-20 08:00:00,261.7700,269.7700,258.5000,269.1700,1959886.0,2025-01-20 08:59:59.999,519065080.0800,298344,999341.0,264704105.3420,0,999341.0,960545.0,1959886.0
2025-01-20 09:00:00,269.1800,273.0000,262.1700,262.7200,2455103.0,2025-01-20 09:59:59.999,655060384.4520,305993,1122560.0,299654762.3690,0,1122560.0,1332543.0,2455103.0
2025-01-20 10:00:00,262.7100,266.0000,258.7000,259.3400,1511357.0,2025-01-20 10:59:59.999,396836925.7370,195695,708954.0,186409891.1190,0,708954.0,802403.0,1511357.0
2025-01-20 11:00:00,259.3500,260.7900,256.6700,260.5900,1453163.0,2025-01-20 11:59:59.999,376266772.0280,185914,749395.0,194103847.0240,0,749395.0,703768.0,1453163.0
2025-01-20 12:00:00,260.5900,261.6400,250.0200,253.3100,3025273.0,2025-01-20 12:59:59.999,770163152.6610,386103,1472966.0,375136671.0910,0,1472966.0,1552307.0,3025273.0
2025-01-20 13:00:00,253.3200,257.7500,251.0100,256.0600,1605164.0,2025-01-20 13:59:59.999,408076295.7410,237795,815951.0,207480750.8800,0,815951.0,789213.0,1605164.0
2025-01-20 14:00:00,256.0600,259.0900,254.1600,257.1900,1191496.0,2025-01-20 14:59:59.999,305486733.4730,184559,593407.0,152153233.4810,0,593407.0,598089.0,1191496.0
2025-01-20 15:00:00,257.1800,259.1300,252.9800,253.8200,1931092.0,2025-01-20 15:59:59.999,493960224.5670,301621,933119.0,238761009.8190,0,933119.0,997973.0,1931092.0
2025-01-20 16:00:00,253.8500,256.5900,247.0000,256.2600,2062066.0,2025-01-20 16:59:59.999,517921384.1090,327109,995618.0,250187771.0640,0,995618.0,1066448.0,2062066.0
2025-01-20 17:00:00,256.2700,256.5400,234.5100,243.8000,5498837.0,2025-01-20 17:59:59.999,1342475444.7890,736156,2610664.0,637525308.8270,0,2610664.0,2888173.0,5498837.0
2025-01-20 18:00:00,243.7800,250.0200,242.0000,249.0800,1839948.0,2025-01-20 18:59:59.999,452903089.8620,296231,961262.0,236648842.0750,0,961262.0,878686.0,1839948.0
2025-01-20 19:00:00,249.0700,249.4800,244.3700,246.0800,1213105.0,2025-01-20 19:59:59.999,299142378.7810,185417,599310.0,147799497.6720,0,599310.0,613795.0,1213105.0
2025-01-20 20:00:00,246.0800,249.0800,244.5000,245.1300,985792.0,2025-01-20 20:59:59.999,243234246.9680,155468,488624.0,120563608.1980,0,488624.0,497168.0,985792.0
2025-01-20 21:00:00,245.1300,250.5000,244.8200,245.9000,844184.0,2025-01-20 21:59:59.999,209049256.2040,141444,412029.0,102002033.6280,0,412029.0,432155.0,844184.0
2025-01-20 22:00:00,245.9000,250.8800,242.4800,249.9100,914759.0,2025-01-20 22:59:59.999,224622130.3470,129519,433693.0,106514921.8450,0,433693.0,481066.0,914759.0
2025-01-20 23:00:00,249.9100,250.1500,241.1300,241.8900,1030317.0,2025-01-20 23:59:59.999,252741624.2660,160429,500980.0,122869437.9600,0,500980.0,529337.0,1030317.0
2025-01-21 00:00:00,241.8800,244.7200,234.9000,235.1900,1491055.0,2025-01-21 00:59:59.999,356722134.8250,258652,649262.0,155461050.4120,0,649262.0,841793.0,1491055.0
2025-01-21 01:00:00,235.1800,239.9800,232.0100,234.2000,1651971.0,2025-01-21 01:59:59.999,389200075.5540,292171,821210.0,193567496.6460,0,821210.0,830761.0,1651971.0
2025-01-21 02:00:00,234.2100,240.1600,232.0100,239.9400,1667326.0,2025-01-21 02:59:59.999,393342934.9990,279535,845164.0,199426118.8050,0,845164.0,822162.0,1667326.0
2025-01-21 03:00:00,239.9300,241.2000,236.0500,237.7900,887921.0,2025-01-21 03:59:59.999,211846261.1460,169430,467421.0,111537763.4100,0,467421.0,420500.0,887921.0
2025-01-21 04:00:00,237.7900,238.9400,231.5500,238.5000,1189352.0,2025-01-21 04:59:59.999,279462308.1760,194752,556995.0,130909137.2770,0,556995.0,632357.0,1189352.0
2025-01-21 05:00:00,238.5000,239.1100,232.1900,232.3900,923914.0,2025-01-21 05:59:59.999,217530720.3090,150004,441878.0,104004138.2260,0,441878.0,482036.0,923914.0
2025-01-21 06:00:00,232.4000,237.7000,230.3000,237.0000,1306488.0,2025-01-21 06:59:59.999,306252112.2810,197190,637082.0,149504533.6950,0,637082.0,669406.0,1306488.0
2025-01-21 07:00:00,237.0000,237.8780,234.4100,236.7200,859136.0,2025-01-21 07:59:59.999,203126437.2660,139578,420453.0,99390352.2890,0,420453.0,438683.0,859136.0
2025-01-21 08:00:00,236.7100,239.8200,235.4700,239.2800,1071498.0,2025-01-21 08:59:59.999,254718401.0520,179793,544985.0,129579906.4180,0,544985.0,526513.0,1071498.0
2025-01-21 09:00:00,239.2800,240.8000,235.8200,238.3200,917074.0,2025-01-21 09:59:59.999,218472365.9740,163242,487582.0,116157302.7720,0,487582.0,429492.0,917074.0
2025-01-21 10:00:00,238.3300,242.1200,237.0500,239.4300,1161367.0,2025-01-21 10:59:59.999,278186752.1800,168139,555248.0,133057511.8330,0,555248.0,606119.0,1161367.0
2025-01-21 11:00:00,239.4200,241.4000,237.0000,239.3400,776931.0,2025-01-21 11:59:59.999,186124151.3750,139699,394756.0,94571975.1010,0,394756.0,382175.0,776931.0
2025-01-21 12:00:00,239.3500,242.7400,236.8800,240.8300,899357.0,2025-01-21 12:59:59.999,216454906.3420,137524,432172.0,104017590.5040,0,432172.0,467185.0,899357.0
2025-01-21 13:00:00,240.8200,244.1600,239.2300,241.1700,1109591.0,2025-01-21 13:59:59.999,267739403.6760,153837,563789.0,136047262.2220,0,563789.0,545802.0,1109591.0
2025-01-21 14:00:00,241.1700,244.6700,237.5700,238.9900,1686887.0,2025-01-21 14:59:59.999,406193523.6360,256430,836212.0,201346333.4530,0,836212.0,850675.0,1686887.0
2025-01-21 15:00:00,238.9700,241.4600,235.7000,240.8300,1136124.0,2025-01-21 15:59:59.999,270839280.4140,194110,527910.0,125902353.2720,0,527910.0,608214.0,1136124.0
2025-01-21 16:00:00,240.8200,248.3700,239.7000,243.7200,1799994.0,2025-01-21 16:59:59.999,441222950.9430,253403,899949.0,220613384.7210,0,899949.0,900045.0,1799994.0
2025-01-21 17:00:00,243.7200,249.7200,243.4000,248.9400,869471.0,2025-01-21 17:59:59.999,214232719.2050,135868,459655.0,113295357.8730,0,459655.0,409816.0,869471.0
2025-01-21 18:00:00,248.9500,259.7300,248.2300,259.1200,1782521.0,2025-01-21 18:59:59.999,453329756.7490,252443,904147.0,229867453.0210,0,904147.0,878374.0,1782521.0
2025-01-21 19:00:00,259.1300,259.8900,252.0000,253.3300,1616607.0,2025-01-21 19:59:59.999,412809601.9440,217359,756503.0,193142512.2320,0,756503.0,860104.0,1616607.0
