seq,time,bid_price,bid_size,ask_price,ask_size
1,2025-09-13 20:43:05,115871.5,12.5608,115871.51,5.29188
2,2025-09-13 20:43:05,115871.5,12.56085,115871.51,5.29188
3,2025-09-13 20:43:05,115871.5,12.5609,115871.51,5.29188
4,2025-09-13 20:43:05,115871.5,12.56085,115871.51,5.29188
5,2025-09-13 20:43:05,115871.5,12.5608,115871.51,5.29188
6,2025-09-13 20:43:05,115871.5,12.56085,115871.51,5.29188
7,2025-09-13 20:43:05,115871.5,12.56085,115871.51,4.78558
8,2025-09-13 20:43:05,115871.5,12.56085,115871.51,5.29188
9,2025-09-13 20:43:05,115871.5,12.56085,115871.51,5.29149
10,2025-09-13 20:43:05,115871.5,12.56085,115871.51,5.29195
11,2025-09-13 20:43:05,115871.5,12.55834,115871.51,5.29195
12,2025-09-13 20:43:05,115871.5,12.55853,115871.51,5.29195
13,2025-09-13 20:43:05,115871.5,12.55853,115871.51,5.2917
14,2025-09-13 20:43:06,115871.5,12.55858,115871.51,5.2917
15,2025-09-13 20:43:06,115871.5,12.55853,115871.51,5.2917
16,2025-09-13 20:43:06,115871.5,12.55848,115871.51,5.2917
17,2025-09-13 20:43:06,115871.5,12.55853,115871.51,5.2917
18,2025-09-13 20:43:06,115871.5,12.55848,115871.51,5.2917
19,2025-09-13 20:43:06,115871.5,12.55843,115871.51,5.2917
20,2025-09-13 20:43:06,115871.5,12.55848,115871.51,5.2917
21,2025-09-13 20:43:06,115871.5,12.55836,115871.51,5.2917
22,2025-09-13 20:43:06,115871.5,12.55841,115871.51,5.2917
23,2025-09-13 20:43:06,115871.5,12.55846,115871.51,5.2917
24,2025-09-13 20:43:06,115871.5,12.55841,115871.51,5.2917
25,2025-09-13 20:43:06,115871.5,12.55836,115871.51,5.2917
26,2025-09-13 20:43:06,115871.5,12.55836,115871.51,5.29084
27,2025-09-13 20:43:06,115871.5,12.59673,115871.51,5.29084
28,2025-09-13 20:43:06,115871.5,12.59668,115871.51,5.29084
29,2025-09-13 20:43:06,115871.5,12.55831,115871.51,5.29084
30,2025-09-13 20:43:06,115871.5,12.55836,115871.51,5.29084
31,2025-09-13 20:43:06,115871.5,12.55831,115871.51,5.29084
32,2025-09-13 20:43:06,115871.5,12.55836,115871.51,5.29084
33,2025-09-13 20:43:06,115871.5,12.55831,115871.51,5.29084
34,2025-09-13 20:43:06,115871.5,12.55826,115871.51,5.29084
35,2025-09-13 20:43:06,115871.5,12.55831,115871.51,5.29084
36,2025-09-13 20:43:07,115871.5,12.55831,115871.51,5.29159
37,2025-09-13 20:43:07,115871.5,12.55836,115871.51,5.29159
38,2025-09-13 20:43:07,115871.5,12.57131,115871.51,5.29159
39,2025-09-13 20:43:07,115871.5,12.56663,115871.51,5.29159
40,2025-09-13 20:43:07,115871.5,12.56663,115871.51,4.78529
41,2025-09-13 20:43:07,115871.5,12.56668,115871.51,4.78529
42,2025-09-13 20:43:07,115871.5,12.56663,115871.51,4.78529
43,2025-09-13 20:43:07,115871.5,12.56663,115871.51,5.29159
44,2025-09-13 20:43:07,115871.5,12.56658,115871.51,5.29159
45,2025-09-13 20:43:07,115871.5,12.56658,115871.51,4.78529
46,2025-09-13 20:43:07,115871.5,12.56653,115871.51,4.78529
47,2025-09-13 20:43:07,115871.5,12.56658,115871.51,4.78529
48,2025-09-13 20:43:07,115871.5,12.56658,115871.51,5.16909
49,2025-09-13 20:43:07,115871.5,12.56658,115871.51,5.16227
50,2025-09-13 20:43:07,115871.5,12.56658,115871.51,4.77847
51,2025-09-13 20:43:07,115871.5,12.60514,115871.51,4.77847
52,2025-09-13 20:43:07,115871.5,12.60514,115871.51,4.77836
53,2025-09-13 20:43:07,115871.5,12.60488,115871.51,4.77836
54,2025-09-13 20:43:07,115871.5,12.60488,115871.51,4.77841
55,2025-09-13 20:43:07,115871.5,12.60493,115871.51,4.77841
56,2025-09-13 20:43:07,115871.5,12.60493,115871.51,4.77836
57,2025-09-13 20:43:07,115871.5,12.60493,115871.51,5.28466
58,2025-09-13 20:43:07,115871.5,12.60493,115871.51,4.77836
59,2025-09-13 20:43:08,115871.5,12.69123,115871.51,4.77836
60,2025-09-13 20:43:08,115871.5,12.69128,115871.51,4.77836
61,2025-09-13 20:43:08,115871.5,12.69123,115871.51,4.77836
62,2025-09-13 20:43:08,115871.5,12.69118,115871.51,4.77836
63,2025-09-13 20:43:08,115871.5,12.69118,115871.51,5.28466
64,2025-09-13 20:43:08,115871.5,12.60488,115871.51,5.28466
65,2025-09-13 20:43:08,115871.5,12.55488,115871.51,5.28466
66,2025-09-13 20:43:08,115871.5,12.55488,115871.51,5.23762
67,2025-09-13 20:43:08,115871.5,12.51632,115871.51,5.23762
68,2025-09-13 20:43:08,115871.5,12.51637,115871.51,5.23762
69,2025-09-13 20:43:08,115871.5,12.51642,115871.51,5.23762
70,2025-09-13 20:43:08,115871.5,12.51642,115871.51,5.23757
71,2025-09-13 20:43:08,115871.5,12.51637,115871.51,5.23757
72,2025-09-13 20:43:08,115871.5,12.51632,115871.51,5.23757
73,2025-09-13 20:43:08,115871.5,12.51637,115871.51,5.23757
74,2025-09-13 20:43:08,115871.5,12.51637,115871.51,5.23762
75,2025-09-13 20:43:08,115871.5,12.51632,115871.51,5.23762
76,2025-09-13 20:43:08,115871.5,12.51632,115871.51,4.73132
77,2025-09-13 20:43:08,115871.5,12.56632,115871.51,4.73132
78,2025-09-13 20:43:08,115871.5,12.56632,115871.51,4.73459
79,2025-09-13 20:43:08,115871.5,12.56632,115871.51,4.73528
80,2025-09-13 20:43:08,115871.5,12.60632,115871.51,4.73528
81,2025-09-13 20:43:08,115871.5,12.60632,115871.51,4.73448
82,2025-09-13 20:43:08,115871.5,12.60637,115871.51,4.73448
83,2025-09-13 20:43:08,115871.5,12.69267,115871.51,4.73448
84,2025-09-13 20:43:08,115871.5,12.69293,115871.51,4.73448
85,2025-09-13 20:43:08,115871.5,12.69293,115871.51,4.73402
86,2025-09-13 20:43:08,115871.5,12.69293,115871.51,4.73449
87,2025-09-13 20:43:09,115871.5,12.69298,115871.51,4.73449
88,2025-09-13 20:43:09,115871.5,12.69293,115871.51,4.73449
89,2025-09-13 20:43:09,115871.5,12.69298,115871.51,4.73449
90,2025-09-13 20:43:09,115871.5,12.69298,115871.51,4.7338
91,2025-09-13 20:43:09,115871.5,12.69298,115871.51,4.73053
92,2025-09-13 20:43:09,115871.5,12.69303,115871.51,4.73053
93,2025-09-13 20:43:09,115871.5,12.69298,115871.51,4.73053
94,2025-09-13 20:43:09,115871.5,12.69293,115871.51,4.73053
95,2025-09-13 20:43:09,115871.5,12.69298,115871.51,4.73053
96,2025-09-13 20:43:09,115871.5,12.69298,115871.51,4.56625
97,2025-09-13 20:43:09,115871.5,12.69303,115871.51,4.56625
98,2025-09-13 20:43:09,115871.5,12.69298,115871.51,4.56625
99,2025-09-13 20:43:09,115871.5,12.70039,115871.51,4.56625
100,2025-09-13 20:43:09,115871.5,12.70039,115871.51,4.5662
101,2025-09-13 20:43:09,115871.5,12.70039,115871.51,4.56625
102,2025-09-13 20:43:09,115871.5,12.70039,115871.51,4.5663
103,2025-09-13 20:43:09,115871.5,12.70039,115871.51,4.56635
104,2025-09-13 20:43:09,115871.5,12.70039,115871.51,4.56679
105,2025-09-13 20:43:09,115871.5,12.70039,115871.51,4.56765
106,2025-09-13 20:43:09,115871.5,12.70039,115871.51,4.56679
107,2025-09-13 20:43:09,115871.5,12.70039,115871.51,4.56635
108,2025-09-13 20:43:09,115871.5,12.70039,115871.51,4.5698
109,2025-09-13 20:43:09,115871.5,12.70039,115871.51,4.57325
110,2025-09-13 20:43:09,115871.5,12.70039,115871.51,4.59169
111,2025-09-13 20:43:09,115871.5,12.70039,115871.51,5.09799
112,2025-09-13 20:43:09,115871.5,12.70027,115871.51,5.09799
113,2025-09-13 20:43:09,115871.5,12.70027,115871.51,5.09794
114,2025-09-13 20:43:09,115871.5,12.70027,115871.51,5.09789
115,2025-09-13 20:43:09,115871.5,12.70027,115871.51,5.09784
116,2025-09-13 20:43:09,115871.5,12.70022,115871.51,5.09784
117,2025-09-13 20:43:09,115871.5,12.70027,115871.51,5.09784
118,2025-09-13 20:43:09,115871.5,12.70022,115871.51,5.09784
119,2025-09-13 20:43:09,115871.5,12.70022,115871.51,5.09394
120,2025-09-13 20:43:09,115871.5,12.70022,115871.51,5.09783
121,2025-09-13 20:43:09,115871.5,12.70027,115871.51,5.09783
122,2025-09-13 20:43:09,115871.5,12.70022,115871.51,5.09783
123,2025-09-13 20:43:09,115871.5,12.70027,115871.51,5.09783
124,2025-09-13 20:43:09,115871.5,12.70022,115871.51,5.09783
125,2025-09-13 20:43:09,115871.5,12.70027,115871.51,5.09783
126,2025-09-13 20:43:10,115871.5,12.70019,115871.51,5.09783
127,2025-09-13 20:43:10,115871.5,12.70019,115871.51,5.08926
128,2025-09-13 20:43:10,115871.5,12.70105,115871.51,5.08926
129,2025-09-13 20:43:10,115871.5,12.701,115871.51,5.08926
130,2025-09-13 20:43:10,115871.5,12.69661,115871.51,5.08926
131,2025-09-13 20:43:10,115871.5,12.69666,115871.51,5.08926
132,2025-09-13 20:43:10,115871.5,12.69661,115871.51,5.08926
133,2025-09-13 20:43:10,115871.5,12.69656,115871.51,5.08926
134,2025-09-13 20:43:10,115871.5,12.69656,115871.51,5.46006
135,2025-09-13 20:43:10,115871.5,12.69656,115871.51,5.08926
136,2025-09-13 20:43:10,115871.5,12.69656,115871.51,5.43448
137,2025-09-13 20:43:10,115871.5,12.69656,115871.51,5.69339
138,2025-09-13 20:43:10,115871.5,12.61026,115871.51,5.69339
139,2025-09-13 20:43:10,115871.5,12.56026,115871.51,5.69339
140,2025-09-13 20:43:11,115871.5,12.56026,115871.51,5.69242
141,2025-09-13 20:43:11,115871.5,12.56112,115871.51,5.69242
142,2025-09-13 20:43:11,115871.5,12.64742,115871.51,5.69242
143,2025-09-13 20:43:11,115871.5,12.64747,115871.51,5.69242
144,2025-09-13 20:43:11,115871.5,12.64752,115871.51,5.69242
145,2025-09-13 20:43:11,115871.5,12.64747,115871.51,5.69242
146,2025-09-13 20:43:11,115871.5,12.56117,115871.51,5.69242
147,2025-09-13 20:43:11,115871.5,12.52117,115871.51,5.69242
148,2025-09-13 20:43:11,115871.5,12.52117,115871.51,5.69237
149,2025-09-13 20:43:11,115871.5,12.52112,115871.51,5.69237
150,2025-09-13 20:43:11,115871.5,12.52107,115871.51,5.69237
151,2025-09-13 20:43:11,115871.5,12.52107,115871.51,5.69242
152,2025-09-13 20:43:11,115871.5,12.52107,115871.51,5.18612
153,2025-09-13 20:43:11,115871.5,12.52107,115871.51,5.69242
154,2025-09-13 20:43:11,115871.5,12.60737,115871.51,5.69242
155,2025-09-13 20:43:12,115871.5,12.62032,115871.51,5.69242
156,2025-09-13 20:43:12,115871.5,12.62037,115871.51,5.69242
157,2025-09-13 20:43:12,115871.5,12.62042,115871.51,5.69242
158,2025-09-13 20:43:12,115871.5,12.62042,115871.51,5.67398
159,2025-09-13 20:43:12,115871.5,12.62042,115871.51,5.67053
160,2025-09-13 20:43:12,115871.5,12.62042,115871.51,5.66708
161,2025-09-13 20:43:12,115871.5,12.62042,115871.51,5.16078
162,2025-09-13 20:43:12,115871.5,12.67042,115871.51,5.16078
163,2025-09-13 20:43:12,115871.5,12.67042,115871.51,5.66708
164,2025-09-13 20:43:12,115871.5,12.67042,115871.51,5.16078
165,2025-09-13 20:43:12,115871.5,12.67042,115871.51,5.66708
166,2025-09-13 20:43:12,115871.5,12.67042,115871.51,5.68552
167,2025-09-13 20:43:12,115871.5,12.67042,115871.51,5.68897
168,2025-09-13 20:43:12,115871.5,12.67042,115871.51,5.69242
169,2025-09-13 20:43:12,115871.5,12.67042,115871.51,5.18612
170,2025-09-13 20:43:12,115871.5,12.67042,115871.51,5.18223
171,2025-09-13 20:43:12,115871.5,12.67042,115871.51,5.18623
172,2025-09-13 20:43:12,115871.5,12.67042,115871.51,4.92732
173,2025-09-13 20:43:12,115871.5,12.67042,115871.51,5.43362
174,2025-09-13 20:43:12,115871.5,12.67042,115871.51,4.92732
175,2025-09-13 20:43:13,115871.5,12.67042,115871.51,4.92703
176,2025-09-13 20:43:13,115871.5,12.67042,115871.51,5.43333
177,2025-09-13 20:43:13,115871.5,12.67042,115871.51,4.92703
178,2025-09-13 20:43:13,115871.5,12.67042,115871.51,5.43333
179,2025-09-13 20:43:13,115871.5,12.67042,115871.51,4.92703
180,2025-09-13 20:43:13,115871.5,12.67042,115871.51,5.43333
181,2025-09-13 20:43:13,115871.5,12.67042,115871.51,4.92703
182,2025-09-13 20:43:13,115871.5,12.67042,115871.51,4.92656
183,2025-09-13 20:43:13,115871.5,12.67042,115871.51,4.92706
184,2025-09-13 20:43:13,115871.5,12.67042,115871.51,4.58184
185,2025-09-13 20:43:13,115871.5,12.67042,115871.51,5.08814
186,2025-09-13 20:43:13,115871.5,12.67037,115871.51,5.08814
187,2025-09-13 20:43:13,115871.5,12.67037,115871.51,5.088
188,2025-09-13 20:43:13,115871.5,12.67037,115871.51,4.5817
189,2025-09-13 20:43:13,115871.5,12.67037,115871.51,5.088
190,2025-09-13 20:43:13,115871.5,12.67037,115871.51,4.5817
191,2025-09-13 20:43:13,115871.5,12.67037,115871.51,4.57997
192,2025-09-13 20:43:14,115871.5,12.67037,115871.51,4.57962
193,2025-09-13 20:43:14,115871.5,12.67037,115871.51,5.08592
194,2025-09-13 20:43:14,115871.5,12.58407,115871.51,5.08592
195,2025-09-13 20:43:14,115871.5,12.58407,115871.51,5.08192
196,2025-09-13 20:43:14,115871.5,12.58407,115871.51,5.11294
197,2025-09-13 20:43:14,115871.5,12.58407,115871.51,4.60664
198,2025-09-13 20:43:14,115871.5,12.67037,115871.51,4.60664
199,2025-09-13 20:43:14,115871.5,12.67042,115871.51,4.60664
200,2025-09-13 20:43:14,115871.5,12.67037,115871.51,4.60664
201,2025-09-13 20:43:14,115871.5,12.67037,115871.51,5.11294
202,2025-09-13 20:43:14,115871.5,12.67011,115871.51,5.11294
203,2025-09-13 20:43:14,115871.5,12.67011,115871.51,4.60664
204,2025-09-13 20:43:14,115871.5,12.67011,115871.51,4.5882
205,2025-09-13 20:43:14,115871.5,12.67011,115871.51,4.58475
206,2025-09-13 20:43:14,115871.5,12.67011,115871.51,4.5813
207,2025-09-13 20:43:14,115871.5,12.67011,115871.51,4.14977
208,2025-09-13 20:43:14,115871.5,12.67011,115871.51,4.14938
209,2025-09-13 20:43:14,115871.5,12.67011,115871.51,4.14593
210,2025-09-13 20:43:14,115871.5,12.67011,115871.51,4.16437
211,2025-09-13 20:43:14,115871.5,12.67011,115871.51,4.16782
212,2025-09-13 20:43:14,115871.5,12.67011,115871.51,4.17127
213,2025-09-13 20:43:14,115871.5,12.67011,115871.51,4.67757
214,2025-09-13 20:43:14,115871.5,12.67011,115871.51,4.17127
215,2025-09-13 20:43:14,115871.5,12.67172,115871.51,4.17127
216,2025-09-13 20:43:14,115871.5,12.67167,115871.51,4.17127
217,2025-09-13 20:43:14,115871.5,12.67167,115871.51,4.67757
218,2025-09-13 20:43:14,115871.5,12.67167,115871.51,4.67707
219,2025-09-13 20:43:15,115871.5,12.58537,115871.51,4.67707
220,2025-09-13 20:43:15,115871.5,12.58537,115871.51,4.67683
221,2025-09-13 20:43:15,115871.5,12.58537,115871.51,4.67735
222,2025-09-13 20:43:15,115871.5,12.58542,115871.51,4.67735
223,2025-09-13 20:43:15,115871.5,12.58547,115871.51,4.67735
224,2025-09-13 20:43:15,115871.5,12.58542,115871.51,4.67735
225,2025-09-13 20:43:15,115871.5,12.58537,115871.51,4.67735
226,2025-09-13 20:43:15,115871.5,12.58532,115871.51,4.67735
227,2025-09-13 20:43:15,115871.5,12.58537,115871.51,4.67735
228,2025-09-13 20:43:15,115871.5,12.58532,115871.51,4.67735
229,2025-09-13 20:43:15,115871.5,12.58537,115871.51,4.67735
230,2025-09-13 20:43:15,115871.5,12.58537,115871.51,4.6774
231,2025-09-13 20:43:15,115871.5,12.58537,115871.51,4.1711
232,2025-09-13 20:43:15,115871.5,12.58537,115871.51,4.6774
233,2025-09-13 20:43:15,115871.5,12.58542,115871.51,4.6774
234,2025-09-13 20:43:15,115871.5,12.58547,115871.51,4.6774
235,2025-09-13 20:43:15,115871.5,12.58547,115871.51,4.67745
236,2025-09-13 20:43:15,115871.5,12.58547,115871.51,4.67727
237,2025-09-13 20:43:15,115871.5,12.58547,115871.51,4.17097
238,2025-09-13 20:43:15,115871.5,12.58547,115871.51,4.67727
239,2025-09-13 20:43:15,115871.5,12.58552,115871.51,4.67727
240,2025-09-13 20:43:15,115871.5,12.58547,115871.51,4.67727
241,2025-09-13 20:43:15,115871.5,12.58547,115871.51,4.17097
242,2025-09-13 20:43:15,115871.5,12.58573,115871.51,4.17097
243,2025-09-13 20:43:15,115871.5,12.58573,115871.51,4.13995
244,2025-09-13 20:43:15,115871.5,12.58573,115871.51,4.17094
245,2025-09-13 20:43:15,115871.5,12.58573,115871.51,4.1708
246,2025-09-13 20:43:15,115871.5,12.67203,115871.51,4.1708
247,2025-09-13 20:43:15,115871.5,12.67203,115871.51,4.6771
248,2025-09-13 20:43:15,115871.5,12.67203,115871.51,4.1708
249,2025-09-13 20:43:15,115871.5,12.67203,115871.51,4.6771
250,2025-09-13 20:43:15,115871.5,12.58573,115871.51,4.6771
251,2025-09-13 20:43:16,115871.5,12.58573,115871.51,4.1708
252,2025-09-13 20:43:16,115871.5,12.58573,115871.51,4.6771
253,2025-09-13 20:43:16,115871.5,12.58573,115871.51,4.6735
254,2025-09-13 20:43:16,115871.5,12.58573,115871.51,4.1672
255,2025-09-13 20:43:16,115871.5,12.58573,115871.51,4.6735
256,2025-09-13 20:43:16,115871.5,12.58573,115871.51,4.1672
257,2025-09-13 20:43:16,115871.5,12.67203,115871.51,4.1672
258,2025-09-13 20:43:16,115871.5,12.67203,115871.51,4.16668
259,2025-09-13 20:43:16,115871.5,12.67203,115871.51,4.16715
260,2025-09-13 20:43:16,115871.5,12.67203,115871.51,4.1672
261,2025-09-13 20:43:16,115871.5,12.66854,115871.51,4.1672
262,2025-09-13 20:43:16,115871.5,12.67204,115871.51,4.1672
263,2025-09-13 20:43:17,115871.5,12.67209,115871.51,4.1672
264,2025-09-13 20:43:17,115871.5,12.67204,115871.51,4.1672
265,2025-09-13 20:43:17,115871.5,12.68499,115871.51,4.1672
266,2025-09-13 20:43:17,115871.5,12.68499,115871.51,4.538
267,2025-09-13 20:43:17,115871.5,12.68499,115871.51,4.1672
268,2025-09-13 20:43:17,115871.5,12.68499,115871.51,4.538
269,2025-09-13 20:43:17,115871.5,12.68499,115871.51,5.0443
270,2025-09-13 20:43:17,115871.5,12.68499,115871.51,4.6735
271,2025-09-13 20:43:17,115871.5,12.68499,115871.51,4.1672
272,2025-09-13 20:43:17,115871.5,12.68499,115871.51,4.16548
273,2025-09-13 20:43:17,115871.5,12.6849,115871.51,4.16548
274,2025-09-13 20:43:17,115871.5,12.6849,115871.51,4.16543
275,2025-09-13 20:43:17,115871.5,12.6849,115871.51,4.16538
276,2025-09-13 20:43:17,115871.5,12.6849,115871.51,4.16533
277,2025-09-13 20:43:17,115871.5,12.6849,115871.51,4.67163
278,2025-09-13 20:43:17,115871.5,12.6849,115871.51,4.67507
279,2025-09-13 20:43:17,115871.5,12.6849,115871.51,4.16877
280,2025-09-13 20:43:17,115871.5,12.6849,115871.51,4.67507
281,2025-09-13 20:43:17,115871.5,12.6849,115871.51,4.64408
282,2025-09-13 20:43:17,115871.5,12.6849,115871.51,4.676
283,2025-09-13 20:43:18,115871.5,12.68485,115871.51,4.676
284,2025-09-13 20:43:18,115871.5,12.68485,115871.51,4.67553
285,2025-09-13 20:43:18,115871.5,12.68485,115871.51,4.67602
286,2025-09-13 20:43:18,115871.5,12.6849,115871.51,4.67602
287,2025-09-13 20:43:18,115871.5,12.68495,115871.51,4.67602
288,2025-09-13 20:43:18,115871.5,12.59865,115871.51,4.67602
289,2025-09-13 20:43:18,115871.5,12.5986,115871.51,4.67602
290,2025-09-13 20:43:18,115871.5,12.59855,115871.51,4.67602
291,2025-09-13 20:43:18,115871.5,12.5986,115871.51,4.67602
292,2025-09-13 20:43:18,115871.5,12.59699,115871.51,4.67602
293,2025-09-13 20:43:18,115871.5,12.59679,115871.51,4.67602
294,2025-09-13 20:43:18,115871.5,12.59668,115871.51,4.67602
295,2025-09-13 20:43:19,115871.5,12.68298,115871.51,4.67602
296,2025-09-13 20:43:19,115871.5,12.68298,115871.51,4.6441
297,2025-09-13 20:43:19,115871.5,12.68298,115871.51,4.67603
298,2025-09-13 20:43:19,115871.5,12.68298,115871.51,4.65878
299,2025-09-13 20:43:19,115871.5,12.68298,115871.51,4.15248
300,2025-09-13 20:43:19,115871.5,12.68298,115871.51,4.05916
301,2025-09-13 20:43:19,115871.5,12.68293,115871.51,4.05916
302,2025-09-13 20:43:19,115871.5,12.68293,115871.51,4.49069
303,2025-09-13 20:43:19,115871.5,12.68293,115871.51,4.99699
304,2025-09-13 20:43:19,115871.5,12.59663,115871.51,4.99699
305,2025-09-13 20:43:19,115871.5,12.59668,115871.51,4.99699
306,2025-09-13 20:43:19,115871.5,12.59663,115871.51,4.99699
307,2025-09-13 20:43:19,115871.5,12.59658,115871.51,4.99699
308,2025-09-13 20:43:19,115871.5,12.59658,115871.51,5.36779
309,2025-09-13 20:43:19,115871.5,12.59658,115871.51,4.99699
310,2025-09-13 20:43:19,115871.5,12.59658,115871.51,5.36779
311,2025-09-13 20:43:19,115871.5,12.59658,115871.51,4.99699
312,2025-09-13 20:43:19,115871.5,12.59658,115871.51,5.36779
313,2025-09-13 20:43:19,115871.5,12.59658,115871.51,4.99699
314,2025-09-13 20:43:19,115871.5,12.59658,115871.51,5.36779
315,2025-09-13 20:43:19,115871.5,12.59658,115871.51,4.99699
316,2025-09-13 20:43:19,115871.5,12.59658,115871.51,5.36779
317,2025-09-13 20:43:19,115871.5,12.59658,115871.51,4.99699
318,2025-09-13 20:43:19,115871.5,12.59658,115871.51,5.36779
319,2025-09-13 20:43:19,115871.5,12.59658,115871.51,4.99699
320,2025-09-13 20:43:19,115871.5,12.59658,115871.51,5.36779
321,2025-09-13 20:43:19,115871.5,12.59658,115871.51,4.99699
322,2025-09-13 20:43:19,115871.5,12.59658,115871.51,5.36779
323,2025-09-13 20:43:19,115871.5,12.59658,115871.51,4.99699
324,2025-09-13 20:43:19,115871.5,12.59658,115871.51,5.36779
325,2025-09-13 20:43:19,115871.5,12.59658,115871.51,4.99699
326,2025-09-13 20:43:19,115871.5,12.59658,115871.51,5.36779
327,2025-09-13 20:43:19,115871.5,12.59658,115871.51,4.99699
328,2025-09-13 20:43:19,115871.5,12.59663,115871.51,4.99699
329,2025-09-13 20:43:19,115871.5,12.59668,115871.51,4.99699
330,2025-09-13 20:43:19,115871.5,12.59668,115871.51,4.91236
331,2025-09-13 20:43:19,115871.5,12.59668,115871.51,4.40606
332,2025-09-13 20:43:19,115871.5,12.59668,115871.51,4.91236
333,2025-09-13 20:43:19,115871.5,12.59668,115871.51,5.28316
334,2025-09-13 20:43:19,115871.5,12.59668,115871.51,4.91236
335,2025-09-13 20:43:19,115871.5,12.59668,115871.51,4.90892
336,2025-09-13 20:43:19,115871.5,12.59318,115871.51,4.90892
337,2025-09-13 20:43:19,115871.5,12.59318,115871.51,5.27972
338,2025-09-13 20:43:19,115871.5,12.59318,115871.51,4.90892
339,2025-09-13 20:43:19,115871.5,12.59318,115871.51,5.27972
340,2025-09-13 20:43:19,115871.5,12.59318,115871.51,4.90892
341,2025-09-13 20:43:19,115871.5,12.59337,115871.51,4.90892
342,2025-09-13 20:43:19,115871.5,12.59677,115871.51,4.90892
343,2025-09-13 20:43:19,115871.5,12.59677,115871.51,5.27972
344,2025-09-13 20:43:19,115871.5,12.59677,115871.51,5.27923
345,2025-09-13 20:43:19,115871.5,12.59677,115871.51,4.90843
346,2025-09-13 20:43:19,115871.5,12.59677,115871.51,4.90898
347,2025-09-13 20:43:20,115871.5,12.59677,115871.51,5.27978
348,2025-09-13 20:43:20,115871.5,12.59677,115871.51,4.90898
349,2025-09-13 20:43:20,115871.5,12.59677,115871.51,5.27978
350,2025-09-13 20:43:20,115871.5,12.59677,115871.51,4.90898
351,2025-09-13 20:43:20,115871.5,12.59677,115871.51,5.27978
352,2025-09-13 20:43:20,115871.5,12.59677,115871.51,4.90898
353,2025-09-13 20:43:20,115871.5,12.59677,115871.51,5.27978
354,2025-09-13 20:43:20,115871.5,12.59677,115871.51,4.90898
355,2025-09-13 20:43:20,115871.5,12.59677,115871.51,5.27978
356,2025-09-13 20:43:20,115871.5,12.59677,115871.51,4.90898
357,2025-09-13 20:43:20,115871.5,12.59677,115871.51,5.00204
358,2025-09-13 20:43:20,115871.5,12.59677,115871.51,5.00209
359,2025-09-13 20:43:20,115871.5,12.59677,115871.51,5.00214
360,2025-09-13 20:43:20,115871.5,12.59677,115871.51,5.37294
361,2025-09-13 20:43:20,115871.5,12.59677,115871.51,5.00214
362,2025-09-13 20:43:20,115871.5,12.59677,115871.51,5.37294
363,2025-09-13 20:43:20,115871.5,12.59677,115871.51,5.00214
364,2025-09-13 20:43:20,115871.5,12.59677,115871.51,5.37294
365,2025-09-13 20:43:20,115871.5,12.59677,115871.51,5.00214
366,2025-09-13 20:43:20,115871.5,12.59677,115871.51,4.49584
367,2025-09-13 20:43:20,115871.5,12.59677,115871.51,5.00214
368,2025-09-13 20:43:20,115871.5,12.59677,115871.51,5.37294
369,2025-09-13 20:43:20,115871.5,12.59677,115871.51,5.00214
370,2025-09-13 20:43:20,115871.5,12.59677,115871.51,5.37294
371,2025-09-13 20:43:20,115871.5,12.59677,115871.51,4.86664
372,2025-09-13 20:43:20,115871.5,12.59677,115871.51,4.49584
373,2025-09-13 20:43:20,115871.5,12.59677,115871.51,4.46391
374,2025-09-13 20:43:20,115871.5,12.59677,115871.51,4.49585
375,2025-09-13 20:43:20,115871.5,12.59677,115871.51,5.00215
376,2025-09-13 20:43:20,115871.5,12.59677,115871.51,4.49585
377,2025-09-13 20:43:20,115871.5,12.59677,115871.51,5.00215
378,2025-09-13 20:43:20,115871.5,12.59677,115871.51,4.49585
379,2025-09-13 20:43:20,115871.5,12.59665,115871.51,4.49585
380,2025-09-13 20:43:20,115871.5,12.59665,115871.51,5.00215
381,2025-09-13 20:43:20,115871.5,12.59665,115871.51,5.0021
382,2025-09-13 20:43:20,115871.5,12.59665,115871.51,5.3729
383,2025-09-13 20:43:20,115871.5,12.59665,115871.51,4.8666
384,2025-09-13 20:43:20,115871.5,12.59665,115871.51,4.8665
385,2025-09-13 20:43:20,115871.5,12.59665,115871.51,4.4957
386,2025-09-13 20:43:20,115871.5,12.59665,115871.51,4.8665
387,2025-09-13 20:43:20,115871.5,12.59665,115871.51,5.3728
388,2025-09-13 20:43:20,115871.5,12.59325,115871.51,5.3728
389,2025-09-13 20:43:21,115871.5,12.59299,115871.51,5.3728
390,2025-09-13 20:43:21,115871.5,12.5964,115871.51,5.3728
391,2025-09-13 20:43:21,115871.5,12.1654,115871.51,5.3728
392,2025-09-13 20:43:21,115871.5,12.1654,115871.51,5.37206
393,2025-09-13 20:43:21,115871.5,12.1654,115871.51,5.41206
394,2025-09-13 20:43:21,115871.5,12.16535,115871.51,5.41206
395,2025-09-13 20:43:21,115871.5,12.1654,115871.51,5.41206
396,2025-09-13 20:43:21,115871.5,12.16535,115871.51,5.41206
397,2025-09-13 20:43:21,115871.5,12.1654,115871.51,5.41206
398,2025-09-13 20:43:21,115871.5,12.1654,115871.51,5.04126
399,2025-09-13 20:43:21,115871.5,12.1654,115871.51,5.41206
400,2025-09-13 20:43:21,115871.5,12.1654,115871.51,5.04126
401,2025-09-13 20:43:21,115871.5,12.1654,115871.51,4.53496
402,2025-09-13 20:43:21,115871.5,12.1654,115871.51,5.04126
403,2025-09-13 20:43:21,115871.5,12.1654,115871.51,4.53496
404,2025-09-13 20:43:21,115871.5,12.1654,115871.51,4.49496
405,2025-09-13 20:43:21,115871.5,12.1654,115871.51,4.86576
406,2025-09-13 20:43:21,115871.5,12.1654,115871.51,5.37206
407,2025-09-13 20:43:21,115871.5,12.1654,115871.51,4.86576
408,2025-09-13 20:43:21,115871.5,12.1654,115871.51,4.49496
409,2025-09-13 20:43:21,115871.5,11.8202,115871.51,4.49496
410,2025-09-13 20:43:21,115871.5,11.8202,115871.51,4.86576
411,2025-09-13 20:43:21,115871.5,11.8202,115871.51,5.37206
412,2025-09-13 20:43:21,115871.5,11.7702,115871.51,5.37206
413,2025-09-13 20:43:21,115871.5,11.7702,115871.51,5.00126
414,2025-09-13 20:43:21,115871.5,11.7702,115871.51,4.49496
415,2025-09-13 20:43:21,115871.5,11.7702,115871.51,5.00126
416,2025-09-13 20:43:21,115871.5,11.77015,115871.51,5.00126
417,2025-09-13 20:43:21,115871.5,11.7701,115871.51,5.00126
418,2025-09-13 20:43:21,115871.5,11.7701,115871.51,5.00071
419,2025-09-13 20:43:21,115871.5,11.7701,115871.51,5.37151
420,2025-09-13 20:43:21,115871.5,11.7701,115871.51,5.3721
421,2025-09-13 20:43:21,115871.5,11.7701,115871.51,5.0013
422,2025-09-13 20:43:21,115871.5,11.7701,115871.51,5.3721
423,2025-09-13 20:43:21,115871.5,11.77015,115871.51,5.3721
424,2025-09-13 20:43:21,115871.5,11.7702,115871.51,5.3721
425,2025-09-13 20:43:21,115871.5,11.7702,115871.51,4.8658
426,2025-09-13 20:43:21,115871.5,11.7702,115871.51,4.495
427,2025-09-13 20:43:21,115871.5,11.7702,115871.51,5.0013
428,2025-09-13 20:43:21,115871.5,11.7702,115871.51,5.3721
429,2025-09-13 20:43:21,115871.5,11.7702,115871.51,5.36129
430,2025-09-13 20:43:21,115871.5,11.7702,115871.51,4.85499
431,2025-09-13 20:43:21,115871.5,11.7702,115871.51,4.48419
432,2025-09-13 20:43:21,115871.5,11.7702,115871.51,4.99049
433,2025-09-13 20:43:21,115871.5,11.7702,115871.51,5.36129
434,2025-09-13 20:43:21,115871.5,11.7702,115871.51,4.85499
435,2025-09-13 20:43:21,115871.5,11.7702,115871.51,4.48419
436,2025-09-13 20:43:21,115871.5,11.8202,115871.51,4.48419
437,2025-09-13 20:43:21,115871.5,11.8202,115871.51,4.48376
438,2025-09-13 20:43:21,115871.5,11.8202,115871.51,4.85456
439,2025-09-13 20:43:21,115871.5,11.8202,115871.51,4.48376
440,2025-09-13 20:43:21,115871.5,11.8202,115871.51,4.85456
441,2025-09-13 20:43:21,115871.5,11.8202,115871.51,5.36086
442,2025-09-13 20:43:21,115871.5,11.81679,115871.51,5.36086
443,2025-09-13 20:43:21,115871.5,11.81679,115871.51,4.99006
444,2025-09-13 20:43:21,115871.5,11.81679,115871.51,5.36086
445,2025-09-13 20:43:22,115871.5,11.81679,115871.51,4.99006
446,2025-09-13 20:43:22,115871.5,11.81679,115871.51,5.36086
447,2025-09-13 20:43:22,115871.5,11.81679,115871.51,4.85456
448,2025-09-13 20:43:22,115871.5,11.81674,115871.51,4.85456
449,2025-09-13 20:43:22,115871.5,11.81679,115871.51,4.85456
450,2025-09-13 20:43:22,115871.5,11.81679,115871.51,5.36086
451,2025-09-13 20:43:22,115871.5,11.82044,115871.51,5.36086
452,2025-09-13 20:43:22,115871.5,11.83339,115871.51,5.36086
453,2025-09-13 20:43:22,115871.5,11.83339,115871.51,4.99006
454,2025-09-13 20:43:22,115871.5,11.83339,115871.51,4.48376
455,2025-09-13 20:43:22,115871.5,11.83322,115871.51,4.48376
456,2025-09-13 20:43:22,115871.5,11.83317,115871.51,4.48376
457,2025-09-13 20:43:22,115871.5,11.83312,115871.51,4.48376
458,2025-09-13 20:43:22,115871.5,11.87312,115871.51,4.48376
459,2025-09-13 20:43:22,115871.5,11.87312,115871.51,4.85456
460,2025-09-13 20:43:22,115871.5,11.87312,115871.51,4.48376
461,2025-09-13 20:43:22,115871.5,11.87338,115871.51,4.48376
462,2025-09-13 20:43:22,115871.5,11.80879,115871.51,4.48376
463,2025-09-13 20:43:22,115871.5,11.80879,115871.51,4.3907
464,2025-09-13 20:43:22,115871.5,11.80879,115871.51,4.897
465,2025-09-13 20:43:22,115871.5,11.80884,115871.51,4.897
466,2025-09-13 20:43:22,115871.5,11.80889,115871.51,4.897
467,2025-09-13 20:43:22,115871.5,11.80889,115871.51,4.89705
468,2025-09-13 20:43:22,115871.5,11.80889,115871.51,5.26785
469,2025-09-13 20:43:22,115871.5,11.80889,115871.51,4.89705
470,2025-09-13 20:43:22,115871.5,11.80889,115871.51,4.39075
471,2025-09-13 20:43:22,115871.5,11.80889,115871.51,4.89705
472,2025-09-13 20:43:22,115871.5,11.80889,115871.51,5.26785
473,2025-09-13 20:43:22,115871.5,11.80807,115871.51,5.26785
474,2025-09-13 20:43:22,115871.5,11.80802,115871.51,5.26785
475,2025-09-13 20:43:22,115871.5,11.80802,115871.51,5.26756
476,2025-09-13 20:43:22,115871.5,11.80802,115871.51,5.26761
477,2025-09-13 20:43:22,115871.5,11.80796,115871.51,5.26761
478,2025-09-13 20:43:22,115871.5,11.77396,115871.51,5.26761
479,2025-09-13 20:43:22,115871.5,11.77396,115871.51,5.30761
480,2025-09-13 20:43:22,115871.5,11.72396,115871.51,5.30761
481,2025-09-13 20:43:22,115871.5,11.72396,115871.51,5.65283
482,2025-09-13 20:43:22,115871.5,11.72396,115871.51,5.91174
483,2025-09-13 20:43:23,115871.5,11.72396,115871.51,5.91149
484,2025-09-13 20:43:23,115871.5,11.72391,115871.51,5.91149
485,2025-09-13 20:43:23,115871.5,11.72391,115871.51,5.54069
486,2025-09-13 20:43:23,115871.5,11.72391,115871.51,5.91149
487,2025-09-13 20:43:23,115871.5,11.72179,115871.51,5.91149
488,2025-09-13 20:43:23,115871.5,11.72179,115871.51,5.54069
489,2025-09-13 20:43:23,115871.5,11.72179,115871.51,5.91149
490,2025-09-13 20:43:23,115871.5,11.72133,115871.51,5.91149
491,2025-09-13 20:43:23,115871.5,11.68733,115871.51,5.91149
492,2025-09-13 20:43:23,115871.5,11.68682,115871.51,5.91149
493,2025-09-13 20:43:23,115871.5,11.68672,115871.51,5.91149
494,2025-09-13 20:43:23,115871.5,11.68667,115871.51,5.91149
495,2025-09-13 20:43:23,115871.5,11.68677,115871.51,5.91149
496,2025-09-13 20:43:23,115871.5,11.67936,115871.51,5.91149
497,2025-09-13 20:43:23,115871.5,11.67061,115871.51,5.91149
498,2025-09-13 20:43:23,115871.5,11.67061,115871.51,5.40519
499,2025-09-13 20:43:23,115871.5,11.66727,115871.51,5.40519
500,2025-09-13 20:43:24,115871.5,11.66727,115871.51,5.91149
501,2025-09-13 20:43:24,115871.5,11.66727,115871.51,5.40519
502,2025-09-13 20:43:24,115871.5,11.66727,115871.51,5.37325
503,2025-09-13 20:43:24,115871.5,11.66727,115871.51,5.40518
504,2025-09-13 20:43:24,115871.5,11.66732,115871.51,5.40518
505,2025-09-13 20:43:24,115871.5,11.66737,115871.51,5.40518
506,2025-09-13 20:43:24,115871.5,11.66732,115871.51,5.40518
507,2025-09-13 20:43:24,115871.5,11.66727,115871.51,5.40518
508,2025-09-13 20:43:24,115871.5,11.66727,115871.51,5.91148
509,2025-09-13 20:43:24,115871.5,11.66717,115871.51,5.91148
510,2025-09-13 20:43:24,115871.5,11.66717,115871.51,5.54068
511,2025-09-13 20:43:24,115871.5,11.66717,115871.51,5.91148
512,2025-09-13 20:43:24,115871.5,11.66717,115871.51,5.54068
513,2025-09-13 20:43:24,115871.5,11.66717,115871.51,5.91148
514,2025-09-13 20:43:24,115871.5,11.66717,115871.51,5.54068
515,2025-09-13 20:43:24,115871.5,11.66717,115871.51,5.91148
516,2025-09-13 20:43:24,115871.5,11.66717,115871.51,5.54068
517,2025-09-13 20:43:24,115871.5,11.63634,115871.51,5.54068
518,2025-09-13 20:43:24,115871.5,11.63634,115871.51,5.91148
519,2025-09-13 20:43:24,115871.5,11.63634,115871.51,5.54068
520,2025-09-13 20:43:24,115871.5,11.63634,115871.51,5.54148
521,2025-09-13 20:43:24,115871.5,11.63634,115871.51,5.91228
522,2025-09-13 20:43:25,115871.5,11.63634,115871.51,5.91452
523,2025-09-13 20:43:25,115871.5,11.63634,115871.51,5.54372
524,2025-09-13 20:43:25,115871.5,11.63634,115871.51,5.03742
525,2025-09-13 20:43:25,115871.5,11.63634,115871.51,4.99742
526,2025-09-13 20:43:25,115871.5,11.68634,115871.51,4.99742
527,2025-09-13 20:43:25,115871.5,11.68634,115871.51,4.93616
528,2025-09-13 20:43:25,115871.5,11.68634,115871.51,4.91772
529,2025-09-13 20:43:25,115871.5,11.68634,115871.51,4.65881
530,2025-09-13 20:43:25,115871.5,11.68634,115871.51,4.31359
531,2025-09-13 20:43:25,115871.5,11.68634,115871.51,4.31014
532,2025-09-13 20:43:25,115871.5,11.68634,115871.51,4.30669
533,2025-09-13 20:43:25,115871.5,11.68634,115871.51,4.26827
534,2025-09-13 20:43:25,115871.5,11.68634,115871.51,4.26653
535,2025-09-13 20:43:25,115871.5,11.68634,115871.51,4.77283
536,2025-09-13 20:43:25,115871.5,11.68634,115871.51,4.86589
537,2025-09-13 20:43:25,115871.5,11.72605,115871.51,4.86589
538,2025-09-13 20:43:25,115871.5,11.72605,115871.51,4.35959
539,2025-09-13 20:43:25,115871.5,11.7261,115871.51,4.35959
540,2025-09-13 20:43:25,115871.5,11.7261,115871.51,4.35954
541,2025-09-13 20:43:25,115871.5,11.72605,115871.51,4.35954
542,2025-09-13 20:43:25,115871.5,11.72605,115871.51,4.35959
543,2025-09-13 20:43:25,115871.5,11.72605,115871.51,4.36304
544,2025-09-13 20:43:25,115871.5,11.72605,115871.51,4.36649
545,2025-09-13 20:43:25,115871.5,11.72605,115871.51,4.38493
546,2025-09-13 20:43:25,115871.5,11.72605,115871.51,4.89123
547,2025-09-13 20:43:25,115871.5,11.72605,115871.51,4.95239
548,2025-09-13 20:43:25,115871.5,11.72605,115871.51,4.93395
549,2025-09-13 20:43:25,115871.5,11.72605,115871.51,4.9305
550,2025-09-13 20:43:25,115871.5,11.72605,115871.51,4.92705
551,2025-09-13 20:43:25,115871.5,11.68634,115871.51,4.92705
552,2025-09-13 20:43:25,115871.5,11.68634,115871.51,4.9271
553,2025-09-13 20:43:25,115871.5,11.68634,115871.51,4.92715
554,2025-09-13 20:43:25,115871.5,11.68634,115871.51,4.9272
555,2025-09-13 20:43:25,115871.5,11.68634,115871.51,4.96599
556,2025-09-13 20:43:25,115871.5,11.68634,115871.51,5.33679
557,2025-09-13 20:43:25,115871.5,11.68634,115871.51,4.96599
558,2025-09-13 20:43:25,115871.5,11.68634,115871.51,4.96594
559,2025-09-13 20:43:25,115871.5,11.68634,115871.51,4.96939
560,2025-09-13 20:43:25,115871.5,11.68634,115871.51,4.97284
561,2025-09-13 20:43:25,115871.5,11.68634,115871.51,4.99128
562,2025-09-13 20:43:25,115871.5,11.68634,115871.51,5.36208
563,2025-09-13 20:43:25,115871.5,11.68634,115871.51,4.99128
564,2025-09-13 20:43:25,115871.5,11.6829,115871.51,4.99128
565,2025-09-13 20:43:25,115871.5,11.6829,115871.51,4.99123
566,2025-09-13 20:43:25,115871.5,11.6829,115871.51,4.99118
567,2025-09-13 20:43:25,115871.5,11.6829,115871.51,4.99113
568,2025-09-13 20:43:25,115871.5,11.6829,115871.51,5.36193
569,2025-09-13 20:43:25,115871.5,11.6829,115871.51,4.99113
570,2025-09-13 20:43:25,115871.5,11.6829,115871.51,5.36193
571,2025-09-13 20:43:25,115871.5,11.6829,115871.51,4.99113
572,2025-09-13 20:43:25,115871.5,11.6829,115871.51,5.36193
573,2025-09-13 20:43:25,115871.5,11.6829,115871.51,4.99113
574,2025-09-13 20:43:25,115871.5,11.68295,115871.51,4.99113
575,2025-09-13 20:43:25,115871.5,11.68295,115871.51,5.36193
576,2025-09-13 20:43:25,115871.5,11.68295,115871.51,4.99113
577,2025-09-13 20:43:25,115871.5,11.68295,115871.51,5.36193
578,2025-09-13 20:43:25,115871.5,11.68295,115871.51,4.99113
579,2025-09-13 20:43:25,115871.5,11.68295,115871.51,5.36193
580,2025-09-13 20:43:25,115871.5,11.68295,115871.51,4.99113
581,2025-09-13 20:43:25,115871.5,11.68295,115871.51,5.36193
582,2025-09-13 20:43:25,115871.5,11.68295,115871.51,4.99113
583,2025-09-13 20:43:25,115871.5,11.68295,115871.51,5.36193
584,2025-09-13 20:43:25,115871.5,11.68295,115871.51,5.36172
585,2025-09-13 20:43:25,115871.5,11.68295,115871.51,4.99092
586,2025-09-13 20:43:25,115871.5,11.68295,115871.51,5.36172
587,2025-09-13 20:43:25,115871.5,11.68295,115871.51,4.99092
588,2025-09-13 20:43:25,115871.5,11.6829,115871.51,4.99092
589,2025-09-13 20:43:25,115871.5,11.68285,115871.51,4.99092
590,2025-09-13 20:43:25,115871.5,11.6828,115871.51,4.99092
591,2025-09-13 20:43:25,115871.5,11.68285,115871.51,4.99092
592,2025-09-13 20:43:25,115871.5,11.6829,115871.51,4.99092
593,2025-09-13 20:43:25,115871.5,11.6829,115871.51,5.36172
594,2025-09-13 20:43:25,115871.5,11.6829,115871.51,4.99092
595,2025-09-13 20:43:25,115871.5,11.68285,115871.51,4.99092
596,2025-09-13 20:43:25,115871.5,11.6829,115871.51,4.99092
597,2025-09-13 20:43:25,115871.5,11.6829,115871.51,4.98403
598,2025-09-13 20:43:25,115871.5,11.68295,115871.51,4.98403
599,2025-09-13 20:43:25,115871.5,11.683,115871.51,4.98403
600,2025-09-13 20:43:25,115871.5,11.683,115871.51,4.89097
601,2025-09-13 20:43:25,115871.5,11.683,115871.51,4.89102
602,2025-09-13 20:43:26,115871.5,11.68305,115871.51,4.89102
603,2025-09-13 20:43:26,115871.5,11.68295,115871.51,4.89102
604,2025-09-13 20:43:26,115871.5,11.6829,115871.51,4.89102
605,2025-09-13 20:43:26,115871.5,11.683,115871.51,4.89102
606,2025-09-13 20:43:26,115871.5,11.68295,115871.51,4.89102
607,2025-09-13 20:43:26,115871.5,11.683,115871.51,4.89102
608,2025-09-13 20:43:26,115871.5,11.683,115871.51,4.89043
609,2025-09-13 20:43:26,115871.5,11.683,115871.51,4.89109
610,2025-09-13 20:43:26,115871.5,11.68295,115871.51,4.89109
611,2025-09-13 20:43:26,115871.5,11.68295,115871.51,4.88289
612,2025-09-13 20:43:26,115871.5,11.68312,115871.51,4.88289
613,2025-09-13 20:43:26,115871.5,11.68307,115871.51,4.88289
614,2025-09-13 20:43:26,115871.5,11.68307,115871.51,4.90595
615,2025-09-13 20:43:26,115871.5,11.6917,115871.51,4.90595
616,2025-09-13 20:43:26,115871.5,11.6917,115871.51,4.906
617,2025-09-13 20:43:27,115871.5,11.6917,115871.51,4.90427
618,2025-09-13 20:43:27,115871.5,11.6917,115871.51,4.88583
619,2025-09-13 20:43:27,115871.5,11.6917,115871.51,4.88238
620,2025-09-13 20:43:27,115871.5,11.6917,115871.51,4.87893
621,2025-09-13 20:43:27,115871.5,11.6917,115871.51,4.85587
622,2025-09-13 20:43:27,115871.5,11.6917,115871.51,4.34957
623,2025-09-13 20:43:27,115871.5,11.6917,115871.51,4.85587
624,2025-09-13 20:43:27,115871.5,11.6917,115871.51,4.87893
625,2025-09-13 20:43:27,115871.5,11.6917,115871.51,4.847
626,2025-09-13 20:43:27,115871.5,11.6917,115871.51,4.87896
627,2025-09-13 20:43:27,115871.5,11.6917,115871.51,4.88241
628,2025-09-13 20:43:27,115871.5,11.6917,115871.51,4.88586
629,2025-09-13 20:43:27,115871.5,11.69144,115871.51,4.88586
630,2025-09-13 20:43:27,115871.5,11.69144,115871.51,4.88443
631,2025-09-13 20:43:27,115871.5,11.69144,115871.51,4.37813
632,2025-09-13 20:43:27,115871.5,11.69144,115871.51,4.88443
633,2025-09-13 20:43:27,115871.5,11.69144,115871.51,4.88448
634,2025-09-13 20:43:27,115871.5,11.69144,115871.51,4.88443
635,2025-09-13 20:43:27,115871.5,11.69144,115871.51,4.88448
636,2025-09-13 20:43:27,115871.5,11.69144,115871.51,4.88453
637,2025-09-13 20:43:27,115871.5,11.69091,115871.51,4.88453
638,2025-09-13 20:43:27,115871.5,11.69091,115871.51,4.88448
639,2025-09-13 20:43:27,115871.5,11.69091,115871.51,4.88443
640,2025-09-13 20:43:27,115871.5,11.69086,115871.51,4.88443
641,2025-09-13 20:43:27,115871.5,11.69091,115871.51,4.88443
642,2025-09-13 20:43:28,115871.5,11.6911,115871.51,4.88443
643,2025-09-13 20:43:28,115871.5,11.6911,115871.51,4.88438
644,2025-09-13 20:43:28,115871.5,11.6911,115871.51,4.88433
645,2025-09-13 20:43:28,115871.5,11.6911,115871.51,4.88438
646,2025-09-13 20:43:28,115871.5,11.6911,115871.51,4.37808
647,2025-09-13 20:43:28,115871.5,11.6911,115871.51,4.88438
648,2025-09-13 20:43:28,115871.5,11.6911,115871.51,4.88443
649,2025-09-13 20:43:28,115871.5,11.6911,115871.51,4.88448
650,2025-09-13 20:43:28,115871.5,11.6911,115871.51,4.88443
651,2025-09-13 20:43:28,115871.5,11.6911,115871.51,4.37813
652,2025-09-13 20:43:28,115871.5,11.6911,115871.51,4.88443
653,2025-09-13 20:43:28,115871.5,11.69115,115871.51,4.88443
654,2025-09-13 20:43:28,115871.5,11.69115,115871.51,4.88448
655,2025-09-13 20:43:28,115871.5,11.6911,115871.51,4.88448
656,2025-09-13 20:43:28,115871.5,11.6911,115871.51,4.88443
657,2025-09-13 20:43:28,115871.5,11.6911,115871.51,4.88448
658,2025-09-13 20:43:28,115871.5,11.6411,115871.51,4.88448
659,2025-09-13 20:43:29,115871.5,11.64136,115871.51,4.88448
660,2025-09-13 20:43:29,115871.5,11.63771,115871.51,4.88448
661,2025-09-13 20:43:29,115871.5,11.63771,115871.51,4.85252
662,2025-09-13 20:43:29,115871.5,11.63771,115871.51,4.82946
663,2025-09-13 20:43:29,115871.5,11.63771,115871.51,4.82601
664,2025-09-13 20:43:29,115871.5,11.63771,115871.51,4.82256
665,2025-09-13 20:43:29,115871.5,11.63771,115871.51,4.85453
666,2025-09-13 20:43:29,115871.5,11.64132,115871.51,4.85453
667,2025-09-13 20:43:29,115871.5,11.64132,115871.51,4.85387
668,2025-09-13 20:43:29,115871.5,11.64132,115871.51,4.85452
669,2025-09-13 20:43:29,115871.5,11.69132,115871.51,4.85452
670,2025-09-13 20:43:29,115871.5,11.69132,115871.51,4.34822
671,2025-09-13 20:43:29,115871.5,11.69132,115871.51,4.85452
672,2025-09-13 20:43:29,115871.5,11.69132,115871.51,4.34822
673,2025-09-13 20:43:29,115871.5,11.69132,115871.51,4.37128
674,2025-09-13 20:43:29,115871.5,11.69137,115871.51,4.37128
675,2025-09-13 20:43:29,115871.5,11.69137,115871.51,4.87758
676,2025-09-13 20:43:29,115871.5,11.69137,115871.51,4.97064
677,2025-09-13 20:43:29,115871.5,11.69132,115871.51,4.97064
678,2025-09-13 20:43:29,115871.5,11.69127,115871.51,4.97064
679,2025-09-13 20:43:29,115871.5,11.69132,115871.51,4.97064
680,2025-09-13 20:43:29,115871.5,11.69132,115871.51,4.97059
681,2025-09-13 20:43:29,115871.5,11.69132,115871.51,4.97064
682,2025-09-13 20:43:29,115871.5,11.69058,115871.51,4.97064
683,2025-09-13 20:43:29,115871.5,11.69063,115871.51,4.97064
684,2025-09-13 20:43:29,115871.5,11.69063,115871.51,4.93867
685,2025-09-13 20:43:29,115871.5,11.69063,115871.51,4.97066
686,2025-09-13 20:43:29,115871.5,11.69063,115871.51,4.97061
687,2025-09-13 20:43:29,115871.5,11.69063,115871.51,4.97066
688,2025-09-13 20:43:29,115871.5,11.69063,115871.51,4.97061
689,2025-09-13 20:43:29,115871.5,11.69063,115871.51,4.46431
690,2025-09-13 20:43:29,115871.5,11.69068,115871.51,4.46431
691,2025-09-13 20:43:29,115871.5,11.69068,115871.51,4.97061
692,2025-09-13 20:43:30,115871.5,11.69068,115871.51,4.46431
693,2025-09-13 20:43:30,115871.5,11.69068,115871.51,4.46043
694,2025-09-13 20:43:30,115871.5,11.69068,115871.51,4.96673
695,2025-09-13 20:43:30,115871.5,11.77698,115871.51,4.96673
696,2025-09-13 20:43:30,115871.5,11.77698,115871.51,4.46043
697,2025-09-13 20:43:30,115871.5,11.77698,115871.51,4.96673
698,2025-09-13 20:43:30,115871.5,11.77698,115871.51,4.46043
699,2025-09-13 20:43:30,115871.5,11.77698,115871.51,4.96673
700,2025-09-13 20:43:30,115871.5,11.77698,115871.51,4.46043
701,2025-09-13 20:43:30,115871.5,11.77698,115871.51,4.96673
702,2025-09-13 20:43:30,115871.5,11.77698,115871.51,4.46043
703,2025-09-13 20:43:30,115871.5,11.77698,115871.51,4.96673
704,2025-09-13 20:43:30,115871.5,11.69068,115871.51,4.96673
705,2025-09-13 20:43:30,115871.5,11.69068,115871.51,4.46043
706,2025-09-13 20:43:30,115871.5,11.69068,115871.51,4.96673
707,2025-09-13 20:43:30,115871.5,11.64068,115871.51,4.96673
708,2025-09-13 20:43:31,115871.5,11.72698,115871.51,4.96673
709,2025-09-13 20:43:31,115871.5,11.72693,115871.51,4.96673
710,2025-09-13 20:43:31,115871.5,11.72693,115871.51,4.46043
711,2025-09-13 20:43:31,115871.5,11.72693,115871.51,4.0289
712,2025-09-13 20:43:31,115871.5,11.77693,115871.51,4.0289
713,2025-09-13 20:43:31,115871.5,11.77693,115871.51,4.5352
714,2025-09-13 20:43:31,115871.5,11.77698,115871.51,4.5352
715,2025-09-13 20:43:31,115871.5,11.77698,115871.51,4.0289
716,2025-09-13 20:43:31,115871.5,11.77693,115871.51,4.0289
717,2025-09-13 20:43:31,115871.5,11.77698,115871.51,4.0289
718,2025-09-13 20:43:31,115871.5,11.77698,115871.51,4.5352
719,2025-09-13 20:43:31,115871.5,11.77703,115871.51,4.5352
720,2025-09-13 20:43:31,115871.5,11.77708,115871.51,4.5352
721,2025-09-13 20:43:31,115871.5,11.77703,115871.51,4.5352
722,2025-09-13 20:43:31,115871.5,11.77698,115871.51,4.5352
723,2025-09-13 20:43:31,115871.5,11.77693,115871.51,4.5352
724,2025-09-13 20:43:32,115871.5,11.77693,115871.51,4.51214
725,2025-09-13 20:43:32,115871.5,11.76994,115871.51,4.51214
726,2025-09-13 20:43:32,115871.5,11.76994,115871.51,4.00584
727,2025-09-13 20:43:32,115871.5,11.76994,115871.51,4.51214
728,2025-09-13 20:43:32,115871.5,11.76994,115871.51,4.51187
729,2025-09-13 20:43:32,115871.5,11.76994,115871.51,4.53493
730,2025-09-13 20:43:32,115871.5,11.76994,115871.51,4.53498
731,2025-09-13 20:43:32,115871.5,11.76994,115871.51,4.53503
732,2025-09-13 20:43:32,115871.5,11.72994,115871.51,4.53503
733,2025-09-13 20:43:32,115871.5,11.72953,115871.51,4.53503
734,2025-09-13 20:43:32,115871.5,11.72953,115871.51,4.53498
735,2025-09-13 20:43:32,115871.5,11.72953,115871.51,4.53433
736,2025-09-13 20:43:32,115871.5,11.72953,115871.51,4.53487
737,2025-09-13 20:43:32,115871.5,11.72953,115871.51,4.02857
738,2025-09-13 20:43:32,115871.5,11.72953,115871.51,4.53487
739,2025-09-13 20:43:32,115871.5,11.72948,115871.51,4.53487
740,2025-09-13 20:43:32,115871.5,11.72948,115871.51,4.02857
741,2025-09-13 20:43:32,115871.5,11.72948,115871.51,4.53487
742,2025-09-13 20:43:32,115871.5,11.72938,115871.51,4.53487
743,2025-09-13 20:43:32,115871.5,11.72948,115871.51,4.53487
744,2025-09-13 20:43:32,115871.5,11.72943,115871.51,4.53487
745,2025-09-13 20:43:32,115871.5,11.72948,115871.51,4.53487
746,2025-09-13 20:43:32,115871.5,11.7674,115871.51,4.53487
747,2025-09-13 20:43:32,115871.5,11.7674,115871.51,4.53492
748,2025-09-13 20:43:32,115871.5,11.7674,115871.51,4.53497
749,2025-09-13 20:43:32,115871.5,11.7674,115871.51,4.53492
750,2025-09-13 20:43:32,115871.5,11.7674,115871.51,4.53497
751,2025-09-13 20:43:32,115871.5,11.7674,115871.51,4.51191
752,2025-09-13 20:43:32,115871.5,11.77499,115871.51,4.51191
753,2025-09-13 20:43:32,115871.5,11.77499,115871.51,4.51186
754,2025-09-13 20:43:33,115871.5,11.77674,115871.51,4.51186
755,2025-09-13 20:43:33,115871.5,11.77674,115871.51,4.51191
756,2025-09-13 20:43:33,115871.5,11.77674,115871.51,4.51186
757,2025-09-13 20:43:33,115871.5,11.77674,115871.51,4.51191
758,2025-09-13 20:43:33,115871.5,11.77674,115871.51,4.94344
759,2025-09-13 20:43:33,115871.5,11.72674,115871.51,4.94344
760,2025-09-13 20:43:33,115871.5,11.72499,115871.51,4.94344
761,2025-09-13 20:43:33,115871.5,11.72691,115871.51,4.94344
762,2025-09-13 20:43:33,115871.5,11.71736,115871.51,4.94344
763,2025-09-13 20:43:33,115871.5,11.71736,115871.51,4.9429
764,2025-09-13 20:43:33,115871.5,11.71736,115871.51,4.94347
765,2025-09-13 20:43:33,115871.5,11.58724,115871.51,4.94347
766,2025-09-13 20:43:33,115871.5,12.21374,115871.51,4.94347
767,2025-09-13 20:43:33,115871.5,12.26374,115871.51,4.94347
768,2025-09-13 20:43:33,115871.5,12.26374,115871.51,4.94352
769,2025-09-13 20:43:34,115871.5,12.26374,115871.51,4.91153
770,2025-09-13 20:43:34,115871.5,12.26374,115871.51,4.9436
771,2025-09-13 20:43:34,115871.5,12.26374,115871.51,4.94355
772,2025-09-13 20:43:34,115871.5,12.26023,115871.51,4.94355
773,2025-09-13 20:43:34,115871.5,12.26023,115871.51,4.94396
774,2025-09-13 20:43:34,115871.5,12.26023,115871.51,4.94391
775,2025-09-13 20:43:34,115871.5,12.26023,115871.51,4.94386
776,2025-09-13 20:43:34,115871.5,12.26023,115871.51,4.94391
777,2025-09-13 20:43:34,115871.5,12.25662,115871.51,4.94391
778,2025-09-13 20:43:34,115871.5,12.25662,115871.51,4.94396
779,2025-09-13 20:43:34,115871.5,12.25662,115871.51,4.94401
780,2025-09-13 20:43:34,115871.5,12.25662,115871.51,4.94396
781,2025-09-13 20:43:34,115871.5,12.25662,115871.51,4.43766
782,2025-09-13 20:43:34,115871.5,12.25662,115871.51,4.94396
783,2025-09-13 20:43:34,115871.5,12.25662,115871.51,4.43766
784,2025-09-13 20:43:34,115871.5,12.26017,115871.51,4.43766
785,2025-09-13 20:43:34,115871.5,12.26017,115871.51,4.00613
786,2025-09-13 20:43:34,115871.5,12.26017,115871.51,3.96734
787,2025-09-13 20:43:34,115871.5,12.25991,115871.51,3.96734
788,2025-09-13 20:43:34,115871.5,12.25991,115871.51,3.76734
789,2025-09-13 20:43:34,115871.5,12.25991,115871.51,3.70618
790,2025-09-13 20:43:34,115871.5,12.25996,115871.51,3.70618
791,2025-09-13 20:43:34,115871.5,12.26001,115871.51,3.70618
792,2025-09-13 20:43:34,115871.5,12.26006,115871.51,3.70618
793,2025-09-13 20:43:34,115871.5,12.26001,115871.51,3.70618
794,2025-09-13 20:43:34,115871.5,12.26006,115871.51,3.70618
795,2025-09-13 20:43:34,115871.5,12.26001,115871.51,3.70618
796,2025-09-13 20:43:34,115871.5,12.26006,115871.51,3.70618
797,2025-09-13 20:43:34,115871.5,12.26001,115871.51,3.70618
798,2025-09-13 20:43:34,115871.5,12.26001,115871.51,3.70613
799,2025-09-13 20:43:34,115871.5,12.26001,115871.51,3.70618
800,2025-09-13 20:43:34,115871.5,12.25996,115871.51,3.70618
801,2025-09-13 20:43:34,115871.5,12.25991,115871.51,3.70618
802,2025-09-13 20:43:34,115871.5,12.25991,115871.51,3.70623
803,2025-09-13 20:43:34,115871.5,12.25991,115871.51,3.70618
804,2025-09-13 20:43:34,115871.5,12.25991,115871.51,3.70623
805,2025-09-13 20:43:34,115871.5,12.25991,115871.51,3.70618
806,2025-09-13 20:43:34,115871.5,12.25991,115871.51,3.70623
807,2025-09-13 20:43:34,115871.5,12.25991,115871.51,3.61317
808,2025-09-13 20:43:34,115871.5,12.27673,115871.51,3.61317
809,2025-09-13 20:43:34,115871.5,12.27673,115871.51,3.61322
810,2025-09-13 20:43:34,115871.5,12.34349,115871.51,3.61322
811,2025-09-13 20:43:34,115871.5,12.41982,115871.51,3.61322
812,2025-09-13 20:43:34,115871.5,12.41982,115871.51,3.67436
813,2025-09-13 20:43:34,115871.5,12.41987,115871.51,3.67436
814,2025-09-13 20:43:34,115871.5,12.41982,115871.51,3.67436
815,2025-09-13 20:43:34,115871.5,12.41982,115871.51,3.67431
816,2025-09-13 20:43:34,115871.5,12.41982,115871.51,3.67426
817,2025-09-13 20:43:34,115871.5,12.41982,115871.51,3.67431
818,2025-09-13 20:43:34,115871.5,12.41982,115871.51,3.59251
819,2025-09-13 20:43:34,115871.5,12.41982,115871.51,3.59256
820,2025-09-13 20:43:34,115871.5,12.41982,115871.51,3.59251
821,2025-09-13 20:43:34,115871.5,12.41982,115871.51,3.59256
822,2025-09-13 20:43:34,115871.5,12.41982,115871.51,3.59261
823,2025-09-13 20:43:34,115871.5,12.41982,115871.51,3.59256
824,2025-09-13 20:43:34,115871.5,12.41982,115871.51,3.56049
825,2025-09-13 20:43:34,115871.5,12.41982,115871.51,3.56054
826,2025-09-13 20:43:34,115871.5,12.41982,115871.51,3.56049
827,2025-09-13 20:43:34,115871.5,12.41982,115871.51,3.59617
828,2025-09-13 20:43:34,115871.5,12.41982,115871.51,3.59622
829,2025-09-13 20:43:34,115871.5,12.41982,115871.51,3.59617
830,2025-09-13 20:43:34,115871.5,12.41982,115871.51,3.59612
831,2025-09-13 20:43:34,115871.5,12.41982,115871.51,3.59617
832,2025-09-13 20:43:34,115871.5,12.41982,115871.51,4.10247
833,2025-09-13 20:43:35,115871.5,12.41982,115871.51,4.10252
834,2025-09-13 20:43:35,115871.5,12.41982,115871.51,4.10257
835,2025-09-13 20:43:35,115871.5,12.41982,115871.51,4.10252
836,2025-09-13 20:43:35,115871.5,12.41982,115871.51,4.10247
837,2025-09-13 20:43:35,115871.5,12.41982,115871.51,4.10252
838,2025-09-13 20:43:35,115871.5,12.41982,115871.51,4.10257
839,2025-09-13 20:43:35,115871.5,12.41982,115871.51,4.102
840,2025-09-13 20:43:35,115871.5,12.41982,115871.51,4.10256
841,2025-09-13 20:43:35,115871.5,12.41987,115871.51,4.10256
842,2025-09-13 20:43:35,115871.5,12.41987,115871.51,4.10251
843,2025-09-13 20:43:35,115871.5,12.41987,115871.51,4.10256
844,2025-09-13 20:43:35,115871.5,12.41987,115871.51,4.10251
845,2025-09-13 20:43:35,115871.5,12.36987,115871.51,4.10251
846,2025-09-13 20:43:35,115871.5,12.36987,115871.51,4.53404
847,2025-09-13 20:43:35,115871.5,12.36987,115871.51,4.90484
848,2025-09-13 20:43:35,115871.5,12.35305,115871.51,4.90484
849,2025-09-13 20:43:35,115871.5,12.35305,115871.51,4.53404
850,2025-09-13 20:43:35,115871.5,12.35305,115871.51,4.79295
851,2025-09-13 20:43:35,115871.5,12.35305,115871.51,4.99295
852,2025-09-13 20:43:35,115871.5,12.31513,115871.51,4.99295
853,2025-09-13 20:43:35,115871.5,12.31513,115871.51,5.33817
854,2025-09-13 20:43:35,115871.5,12.22883,115871.51,5.33817
855,2025-09-13 20:43:35,115871.5,12.22883,115871.51,5.70897
856,2025-09-13 20:43:35,115871.5,12.22883,115871.51,5.33817
857,2025-09-13 20:43:35,115871.5,12.22883,115871.51,5.37817
858,2025-09-13 20:43:35,115871.5,12.22883,115871.51,5.33817
859,2025-09-13 20:43:35,115871.5,12.22909,115871.51,5.33817
860,2025-09-13 20:43:35,115871.5,12.31538,115871.51,5.33817
861,2025-09-13 20:43:35,115871.5,12.31533,115871.51,5.33817
862,2025-09-13 20:43:35,115871.5,12.31538,115871.51,5.33817
863,2025-09-13 20:43:35,115871.5,12.31538,115871.51,5.33812
864,2025-09-13 20:43:35,115871.5,12.31533,115871.51,5.33812
865,2025-09-13 20:43:35,115871.5,12.31533,115871.51,5.33807
866,2025-09-13 20:43:35,115871.5,12.31533,115871.51,5.33812
867,2025-09-13 20:43:35,115871.5,12.31538,115871.51,5.33812
868,2025-09-13 20:43:35,115871.5,12.31538,115871.51,4.9929
869,2025-09-13 20:43:35,115871.5,12.35446,115871.51,4.9929
870,2025-09-13 20:43:35,115871.5,12.35446,115871.51,4.99358
871,2025-09-13 20:43:35,115871.5,12.35446,115871.51,4.99682
872,2025-09-13 20:43:35,115871.5,12.35446,115871.51,4.99687
873,2025-09-13 20:43:35,115871.5,12.35446,115871.51,4.99682
874,2025-09-13 20:43:35,115871.5,12.35441,115871.51,4.99682
875,2025-09-13 20:43:35,115871.5,12.35441,115871.51,4.99677
876,2025-09-13 20:43:35,115871.5,12.35441,115871.51,4.99672
877,2025-09-13 20:43:35,115871.5,12.35441,115871.51,4.99667
878,2025-09-13 20:43:35,115871.5,12.35441,115871.51,4.99672
879,2025-09-13 20:43:35,115871.5,12.35446,115871.51,4.99672
880,2025-09-13 20:43:36,115871.5,12.39446,115871.51,4.99672
881,2025-09-13 20:43:36,115871.5,12.39446,115871.51,4.99604
882,2025-09-13 20:43:36,115871.5,12.39446,115871.51,4.9928
883,2025-09-13 20:43:36,115871.5,12.3277,115871.51,4.9928
884,2025-09-13 20:43:36,115871.5,12.32415,115871.51,4.9928
885,2025-09-13 20:43:36,115871.5,12.32769,115871.51,4.9928
886,2025-09-13 20:43:36,115871.5,12.32769,115871.51,4.99349
887,2025-09-13 20:43:36,115871.5,12.32769,115871.51,4.99678
888,2025-09-13 20:43:36,115871.5,12.32769,115871.51,4.99349
889,2025-09-13 20:43:36,115871.5,12.32769,115871.51,4.9928
890,2025-09-13 20:43:36,115871.5,12.32769,115871.51,4.9935
891,2025-09-13 20:43:36,115871.5,12.32769,115871.51,4.99679
892,2025-09-13 20:43:36,115871.5,12.32764,115871.51,4.99679
893,2025-09-13 20:43:36,115871.5,12.32764,115871.51,5.36759
894,2025-09-13 20:43:36,115871.5,12.32764,115871.51,4.99679
895,2025-09-13 20:43:36,115871.5,12.28856,115871.51,4.99679
896,2025-09-13 20:43:36,115871.5,12.28856,115871.51,5.36759
897,2025-09-13 20:43:36,115871.5,12.28856,115871.51,5.46065
898,2025-09-13 20:43:36,115871.5,12.28856,115871.51,5.08985
899,2025-09-13 20:43:36,115871.5,12.28856,115871.51,5.09054
900,2025-09-13 20:43:36,115871.5,12.28856,115871.51,5.08985
901,2025-09-13 20:43:36,115871.5,12.21223,115871.51,5.08985
902,2025-09-13 20:43:36,115871.5,12.21223,115871.51,5.09055
903,2025-09-13 20:43:36,115871.5,12.21228,115871.51,5.09055
904,2025-09-13 20:43:36,115871.5,12.21223,115871.51,5.09055
905,2025-09-13 20:43:36,115871.5,12.21228,115871.51,5.09055
906,2025-09-13 20:43:36,115871.5,12.21233,115871.51,5.09055
907,2025-09-13 20:43:36,115871.5,12.21103,115871.51,5.09055
908,2025-09-13 20:43:36,115871.5,12.21103,115871.51,5.08999
909,2025-09-13 20:43:36,115871.5,12.21103,115871.51,5.0906
910,2025-09-13 20:43:36,115871.5,12.21108,115871.51,5.0906
911,2025-09-13 20:43:36,115871.5,12.21108,115871.51,5.09055
912,2025-09-13 20:43:36,115871.5,12.21108,115871.51,5.0906
913,2025-09-13 20:43:36,115871.5,12.21108,115871.51,5.09055
914,2025-09-13 20:43:36,115871.5,12.21099,115871.51,5.09055
915,2025-09-13 20:43:36,115871.5,12.21099,115871.51,5.0905
916,2025-09-13 20:43:36,115871.5,12.21099,115871.51,5.09045
917,2025-09-13 20:43:36,115871.5,12.21099,115871.51,5.0904
918,2025-09-13 20:43:36,115871.5,12.21099,115871.51,5.09045
919,2025-09-13 20:43:36,115871.5,12.21581,115871.51,5.09045
920,2025-09-13 20:43:37,115871.5,12.21581,115871.51,5.08975
921,2025-09-13 20:43:37,115871.5,12.20933,115871.51,5.08975
922,2025-09-13 20:43:37,115871.5,12.20933,115871.51,5.09045
923,2025-09-13 20:43:37,115871.5,12.20933,115871.51,5.08975
924,2025-09-13 20:43:37,115871.5,12.20922,115871.51,5.08975
925,2025-09-13 20:43:37,115871.5,12.20922,115871.51,5.09044
926,2025-09-13 20:43:37,115871.5,12.20568,115871.51,5.09044
927,2025-09-13 20:43:37,115871.5,12.20921,115871.51,5.09044
928,2025-09-13 20:43:37,115871.5,12.20921,115871.51,5.08975
929,2025-09-13 20:43:37,115871.5,12.20921,115871.51,5.0897
930,2025-09-13 20:43:37,115871.5,12.20921,115871.51,5.08975
931,2025-09-13 20:43:37,115871.5,12.20921,115871.51,5.09045
932,2025-09-13 20:43:37,115871.5,12.20921,115871.51,5.08975
933,2025-09-13 20:43:37,115871.5,12.20908,115871.51,5.08975
934,2025-09-13 20:43:37,115871.5,12.20882,115871.51,5.08975
935,2025-09-13 20:43:37,115871.5,12.20882,115871.51,5.0897
936,2025-09-13 20:43:37,115871.5,12.20882,115871.51,5.08975
937,2025-09-13 20:43:37,115871.5,12.20882,115871.51,5.08905
938,2025-09-13 20:43:37,115871.5,12.20882,115871.51,5.08576
939,2025-09-13 20:43:37,115871.5,12.20882,115871.51,5.08491
940,2025-09-13 20:43:37,115871.5,12.20877,115871.51,5.08491
941,2025-09-13 20:43:37,115871.5,12.20872,115871.51,5.08491
942,2025-09-13 20:43:37,115871.5,12.20872,115871.51,5.08561
943,2025-09-13 20:43:37,115871.5,12.20872,115871.51,5.08566
944,2025-09-13 20:43:37,115871.5,12.20872,115871.51,5.08571
945,2025-09-13 20:43:37,115871.5,12.20872,115871.51,5.08898
946,2025-09-13 20:43:37,115871.5,12.20872,115871.51,5.08828
947,2025-09-13 20:43:37,115871.5,12.20872,115871.51,5.08501
948,2025-09-13 20:43:38,115871.5,12.20872,115871.51,5.08571
949,2025-09-13 20:43:38,115871.5,12.20872,115871.51,5.08899
950,2025-09-13 20:43:38,115871.5,12.20872,115871.51,5.43421
951,2025-09-13 20:43:38,115871.5,12.20872,115871.51,5.80501
952,2025-09-13 20:43:38,115871.5,12.20872,115871.51,5.43421
953,2025-09-13 20:43:38,115871.5,12.20872,115871.51,5.47334
954,2025-09-13 20:43:38,115871.5,12.20872,115871.51,5.47273
955,2025-09-13 20:43:38,115871.5,12.20872,115871.51,5.47329
956,2025-09-13 20:43:38,115871.5,12.20872,115871.51,5.47334
957,2025-09-13 20:43:38,115871.5,12.20872,115871.51,5.47339
958,2025-09-13 20:43:38,115871.5,12.20872,115871.51,5.47407
959,2025-09-13 20:43:38,115871.5,12.20872,115871.51,5.47339
960,2025-09-13 20:43:38,115871.5,12.20872,115871.51,5.47334
961,2025-09-13 20:43:38,115871.5,12.20872,115871.51,5.47339
962,2025-09-13 20:43:38,115871.5,12.20872,115871.51,5.12817
963,2025-09-13 20:43:38,115871.5,12.20872,115871.51,4.86926
964,2025-09-13 20:43:38,115871.5,12.25872,115871.51,4.86926
965,2025-09-13 20:43:38,115871.5,12.25872,115871.51,4.36296
966,2025-09-13 20:43:38,115871.5,12.25872,115871.51,4.86926
967,2025-09-13 20:43:38,115871.5,12.25872,115871.51,4.86856
968,2025-09-13 20:43:38,115871.5,12.25872,115871.51,4.86528
969,2025-09-13 20:43:38,115871.5,12.25872,115871.51,4.35898
970,2025-09-13 20:43:38,115871.5,12.25872,115871.51,4.86528
971,2025-09-13 20:43:38,115871.5,12.25872,115871.51,4.86597
972,2025-09-13 20:43:38,115871.5,12.25872,115871.51,4.86926
973,2025-09-13 20:43:38,115871.5,12.25872,115871.51,4.86931
974,2025-09-13 20:43:38,115871.5,12.25872,115871.51,4.86926
975,2025-09-13 20:43:38,115871.5,12.25872,115871.51,4.86931
976,2025-09-13 20:43:38,115871.5,12.25872,115871.51,4.36301
977,2025-09-13 20:43:38,115871.5,12.25872,115871.51,4.35972
978,2025-09-13 20:43:38,115871.5,12.25872,115871.51,4.35903
979,2025-09-13 20:43:38,115871.5,12.25872,115871.51,4.3623
980,2025-09-13 20:43:38,115871.5,12.25872,115871.51,4.363
981,2025-09-13 20:43:39,115871.5,12.25519,115871.51,4.363
982,2025-09-13 20:43:39,115871.5,12.2587,115871.51,4.363
983,2025-09-13 20:43:39,115871.5,12.2587,115871.51,4.36274
984,2025-09-13 20:43:39,115871.5,12.25388,115871.51,4.36274
985,2025-09-13 20:43:39,115871.5,12.25388,115871.51,4.36204
986,2025-09-13 20:43:39,115871.5,12.25388,115871.51,4.35877
987,2025-09-13 20:43:39,115871.5,12.25468,115871.51,4.35877
988,2025-09-13 20:43:39,115871.5,12.25468,115871.51,4.36205
989,2025-09-13 20:43:39,115871.5,12.25468,115871.51,4.36275
990,2025-09-13 20:43:39,115871.5,12.25468,115871.51,3.93122
991,2025-09-13 20:43:39,115871.5,12.25468,115871.51,3.93127
992,2025-09-13 20:43:39,115871.5,12.25468,115871.51,3.92799
993,2025-09-13 20:43:39,115871.5,12.25468,115871.51,3.92729
994,2025-09-13 20:43:39,115871.5,12.25468,115871.51,3.93061
995,2025-09-13 20:43:39,115871.5,12.25468,115871.51,3.9313
996,2025-09-13 20:43:39,115871.5,12.25468,115871.51,3.89217
997,2025-09-13 20:43:39,115871.5,12.25468,115871.51,3.89148
998,2025-09-13 20:43:39,115871.5,12.25468,115871.51,3.88816
999,2025-09-13 20:43:39,115871.5,12.25468,115871.51,3.92719
1000,2025-09-13 20:43:39,115871.5,12.29356,115871.51,3.92719
1001,2025-09-13 20:43:39,115871.5,12.29356,115871.51,3.88816
1002,2025-09-13 20:43:39,115871.5,12.29351,115871.51,3.88816
1003,2025-09-13 20:43:39,115871.5,12.29346,115871.51,3.88816
1004,2025-09-13 20:43:39,115871.5,12.29346,115871.51,3.85248
1005,2025-09-13 20:43:39,115871.5,12.29346,115871.51,3.90373
1006,2025-09-13 20:43:39,115871.5,12.29346,115871.51,4.41003
1007,2025-09-13 20:43:39,115871.5,12.29346,115871.51,4.40947
1008,2025-09-13 20:43:39,115871.5,12.29346,115871.51,4.41004
1009,2025-09-13 20:43:39,115871.5,12.29351,115871.51,4.41004
1010,2025-09-13 20:43:39,115871.5,12.29356,115871.51,4.41004
1011,2025-09-13 20:43:40,115871.5,12.29381,115871.51,4.41004
1012,2025-09-13 20:43:40,115871.5,12.29381,115871.51,3.90374
1013,2025-09-13 20:43:40,115871.5,12.29381,115871.51,4.41004
1014,2025-09-13 20:43:40,115871.5,12.29381,115871.51,4.38006
1015,2025-09-13 20:43:40,115871.5,12.29371,115871.51,4.38006
1016,2025-09-13 20:43:40,115871.5,12.29376,115871.51,4.38006
1017,2025-09-13 20:43:40,115871.5,12.29371,115871.51,4.38006
1018,2025-09-13 20:43:40,115871.5,12.29366,115871.51,4.38006
1019,2025-09-13 20:43:40,115871.5,12.29366,115871.51,4.38001
1020,2025-09-13 20:43:40,115871.5,12.29366,115871.51,4.37996
1021,2025-09-13 20:43:40,115871.5,12.29361,115871.51,4.37996
1022,2025-09-13 20:43:40,115871.5,12.29366,115871.51,4.37996
1023,2025-09-13 20:43:40,115871.5,12.29361,115871.51,4.37996
1024,2025-09-13 20:43:40,115871.5,12.29356,115871.51,4.37996
1025,2025-09-13 20:43:40,115871.5,12.29366,115871.51,4.37996
1026,2025-09-13 20:43:40,115871.5,12.29371,115871.51,4.37996
1027,2025-09-13 20:43:40,115871.5,12.29376,115871.51,4.37996
1028,2025-09-13 20:43:40,115871.5,12.29371,115871.51,4.37996
1029,2025-09-13 20:43:40,115871.5,12.29371,115871.51,4.81149
1030,2025-09-13 20:43:41,115871.5,12.29371,115871.51,4.81219
1031,2025-09-13 20:43:41,115871.5,12.29371,115871.51,4.81194
1032,2025-09-13 20:43:41,115871.5,12.29371,115871.51,4.81522
1033,2025-09-13 20:43:41,115871.5,12.29371,115871.51,4.81452
1034,2025-09-13 20:43:41,115871.5,12.29371,115871.51,4.81124
1035,2025-09-13 20:43:41,115871.5,12.29371,115871.51,4.85002
1036,2025-09-13 20:43:41,115871.5,12.29371,115871.51,4.85007
1037,2025-09-13 20:43:41,115871.5,12.29371,115871.51,4.85012
1038,2025-09-13 20:43:41,115871.5,12.29371,115871.51,4.85337
1039,2025-09-13 20:43:41,115871.5,12.29371,115871.51,4.85407
1040,2025-09-13 20:43:41,115871.5,12.29244,115871.51,4.85407
1041,2025-09-13 20:43:41,115871.5,12.29244,115871.51,4.85402
1042,2025-09-13 20:43:41,115871.5,12.29244,115871.51,4.85397
1043,2025-09-13 20:43:41,115871.5,12.29244,115871.51,4.85392
1044,2025-09-13 20:43:41,115871.5,12.29244,115871.51,4.85387
1045,2025-09-13 20:43:41,115871.5,12.29244,115871.51,4.8533
1046,2025-09-13 20:43:41,115871.5,12.29244,115871.51,4.85388
1047,2025-09-13 20:43:41,115871.5,12.29244,115871.51,4.85318
1048,2025-09-13 20:43:41,115871.5,12.29244,115871.51,4.84993
1049,2025-09-13 20:43:41,115871.5,12.29244,115871.51,4.34363
1050,2025-09-13 20:43:41,115871.5,12.29244,115871.51,4.84993
1051,2025-09-13 20:43:41,115871.5,12.29444,115871.51,4.84993
1052,2025-09-13 20:43:41,115871.5,12.30287,115871.51,4.84993
1053,2025-09-13 20:43:41,115871.5,12.3071,115871.51,4.84993
1054,2025-09-13 20:43:41,115871.5,12.30518,115871.51,4.84993
1055,2025-09-13 20:43:41,115871.5,12.30518,115871.51,4.8494
1056,2025-09-13 20:43:41,115871.5,12.2663,115871.51,4.8494
1057,2025-09-13 20:43:41,115871.5,12.2663,115871.51,4.3431
1058,2025-09-13 20:43:41,115871.5,12.2663,115871.51,4.8494
1059,2025-09-13 20:43:41,115871.5,12.2663,115871.51,4.85268
1060,2025-09-13 20:43:41,115871.5,12.27014,115871.51,4.85268
1061,2025-09-13 20:43:41,115871.5,12.27014,115871.51,4.85338
1062,2025-09-13 20:43:41,115871.5,12.27014,115871.51,4.80213
1063,2025-09-13 20:43:41,115871.5,12.27014,115871.51,4.85369
1064,2025-09-13 20:43:41,115871.5,12.2663,115871.51,4.85369
1065,2025-09-13 20:43:41,115871.5,12.25335,115871.51,4.85369
1066,2025-09-13 20:43:41,115871.5,12.21663,115871.51,4.85369
1067,2025-09-13 20:43:41,115871.5,12.23723,115871.51,4.85369
1068,2025-09-13 20:43:41,115871.5,12.23723,115871.51,4.89369
1069,2025-09-13 20:43:42,115871.5,12.24124,115871.51,4.89369
1070,2025-09-13 20:43:42,115871.5,12.23773,115871.51,4.89369
1071,2025-09-13 20:43:42,115871.5,12.2412,115871.51,4.89369
1072,2025-09-13 20:43:42,115871.5,12.2412,115871.51,4.89361
1073,2025-09-13 20:43:42,115871.5,12.25415,115871.51,4.89361
1074,2025-09-13 20:43:42,115871.5,12.25415,115871.51,4.89321
1075,2025-09-13 20:43:42,115871.5,12.25415,115871.51,4.8942
1076,2025-09-13 20:43:42,115871.5,12.25415,115871.51,4.89425
1077,2025-09-13 20:43:42,115871.5,12.25415,115871.51,4.8943
1078,2025-09-13 20:43:42,115871.5,12.25415,115871.51,4.89435
1079,2025-09-13 20:43:42,115871.5,12.25415,115871.51,4.8943
1080,2025-09-13 20:43:42,115871.5,12.25415,115871.51,4.89435
1081,2025-09-13 20:43:42,115871.5,12.25415,115871.51,4.8944
1082,2025-09-13 20:43:42,115871.5,12.25415,115871.51,4.3881
1083,2025-09-13 20:43:42,115871.5,12.25415,115871.51,4.8944
1084,2025-09-13 20:43:42,115871.5,12.24984,115871.51,4.8944
1085,2025-09-13 20:43:42,115871.5,12.24984,115871.51,4.89435
1086,2025-09-13 20:43:42,115871.5,12.24984,115871.51,4.8943
1087,2025-09-13 20:43:42,115871.5,12.24984,115871.51,4.89425
1088,2025-09-13 20:43:42,115871.5,12.24984,115871.51,4.8942
1089,2025-09-13 20:43:42,115871.5,12.24954,115871.51,4.8942
1090,2025-09-13 20:43:42,115871.5,12.24954,115871.51,4.3879
1091,2025-09-13 20:43:42,115871.5,12.24954,115871.51,4.8942
1092,2025-09-13 20:43:42,115871.5,12.24954,115871.51,4.88264
1093,2025-09-13 20:43:42,115871.5,12.24954,115871.51,4.88333
1094,2025-09-13 20:43:43,115871.5,12.24954,115871.51,4.37703
1095,2025-09-13 20:43:43,115871.5,12.24954,115871.51,4.88333
1096,2025-09-13 20:43:43,115871.5,12.24954,115871.51,4.88264
1097,2025-09-13 20:43:43,115871.5,12.24954,115871.51,4.88334
1098,2025-09-13 20:43:43,115871.5,12.24954,115871.51,4.88264
1099,2025-09-13 20:43:43,115871.5,12.24954,115871.51,4.88327
1100,2025-09-13 20:43:43,115871.5,12.24954,115871.51,4.88332
1101,2025-09-13 20:43:43,115871.5,12.24954,115871.51,4.88337
1102,2025-09-13 20:43:43,115871.5,12.24954,115871.51,4.88407
1103,2025-09-13 20:43:43,115871.5,12.24954,115871.51,4.88337
1104,2025-09-13 20:43:43,115871.5,12.24954,115871.51,4.88342
1105,2025-09-13 20:43:43,115871.5,12.24954,115871.51,4.88412
1106,2025-09-13 20:43:43,115871.5,12.20954,115871.51,4.88412
1107,2025-09-13 20:43:43,115871.5,12.20954,115871.51,4.88342
1108,2025-09-13 20:43:43,115871.5,12.20954,115871.51,4.88411
1109,2025-09-13 20:43:43,115871.5,12.20954,115871.51,5.22933
1110,2025-09-13 20:43:44,115871.5,12.20949,115871.51,5.22933
1111,2025-09-13 20:43:44,115871.5,12.20944,115871.51,5.22933
1112,2025-09-13 20:43:44,115871.5,12.20949,115871.51,5.22933
1113,2025-09-13 20:43:44,115871.5,12.20949,115871.51,5.22938
1114,2025-09-13 20:43:44,115871.5,12.20949,115871.51,4.88416
1115,2025-09-13 20:43:44,115871.5,12.20602,115871.51,4.88416
1116,2025-09-13 20:43:44,115871.5,12.20947,115871.51,4.88416
1117,2025-09-13 20:43:44,115871.5,12.20947,115871.51,5.25496
1118,2025-09-13 20:43:44,115871.5,12.20947,115871.51,4.88416
1119,2025-09-13 20:43:44,115871.5,12.20952,115871.51,4.88416
1120,2025-09-13 20:43:44,115871.5,12.20952,115871.51,4.88421
1121,2025-09-13 20:43:44,115871.5,12.20947,115871.51,4.88421
1122,2025-09-13 20:43:44,115871.5,12.20947,115871.51,4.88352
1123,2025-09-13 20:43:44,115871.5,12.20947,115871.51,4.88377
1124,2025-09-13 20:43:44,115871.5,12.20952,115871.51,4.88377
1125,2025-09-13 20:43:44,115871.5,12.20952,115871.51,4.88446
1126,2025-09-13 20:43:44,115871.5,12.24773,115871.51,4.88446
1127,2025-09-13 20:43:44,115871.5,12.24768,115871.51,4.88446
1128,2025-09-13 20:43:44,115871.5,12.24773,115871.51,4.88446
1129,2025-09-13 20:43:44,115871.5,12.24778,115871.51,4.88446
1130,2025-09-13 20:43:44,115871.5,12.24783,115871.51,4.88446
1131,2025-09-13 20:43:44,115871.5,12.24778,115871.51,4.88446
1132,2025-09-13 20:43:44,115871.5,12.24773,115871.51,4.88446
1133,2025-09-13 20:43:44,115871.5,12.24763,115871.51,4.88446
1134,2025-09-13 20:43:44,115871.5,12.24768,115871.51,4.88446
1135,2025-09-13 20:43:44,115871.5,12.24778,115871.51,4.88446
1136,2025-09-13 20:43:44,115871.5,12.24773,115871.51,4.88446
1137,2025-09-13 20:43:44,115871.5,12.24778,115871.51,4.88446
1138,2025-09-13 20:43:44,115871.5,12.24773,115871.51,4.88446
1139,2025-09-13 20:43:44,115871.5,12.24778,115871.51,4.88446
1140,2025-09-13 20:43:44,115871.5,12.24783,115871.51,4.88446
1141,2025-09-13 20:43:44,115871.5,12.20962,115871.51,4.88446
1142,2025-09-13 20:43:44,115871.5,12.20957,115871.51,4.88446
1143,2025-09-13 20:43:44,115871.5,12.20957,115871.51,4.37816
1144,2025-09-13 20:43:44,115871.5,12.20957,115871.51,3.94663
1145,2025-09-13 20:43:44,115871.5,12.20957,115871.51,3.94594
1146,2025-09-13 20:43:44,115871.5,12.20957,115871.51,3.94524
1147,2025-09-13 20:43:44,115871.5,12.20962,115871.51,3.94524
1148,2025-09-13 20:43:44,115871.5,12.20957,115871.51,3.94524
1149,2025-09-13 20:43:44,115871.5,12.20957,115871.51,3.94519
1150,2025-09-13 20:43:44,115871.5,12.20962,115871.51,3.94519
1151,2025-09-13 20:43:44,115871.5,12.20957,115871.51,3.94519
1152,2025-09-13 20:43:44,115871.5,12.20957,115871.51,3.90519
1153,2025-09-13 20:43:44,115871.5,12.20957,115871.51,3.86641
1154,2025-09-13 20:43:45,115871.5,12.20957,115871.51,3.86313
1155,2025-09-13 20:43:45,115871.5,12.20824,115871.51,3.86313
1156,2025-09-13 20:43:45,115871.5,12.20824,115871.51,4.36943
1157,2025-09-13 20:43:45,115871.5,12.20824,115871.51,4.36938
1158,2025-09-13 20:43:45,115871.5,12.20824,115871.51,3.86308
1159,2025-09-13 20:43:45,115871.5,12.20824,115871.51,3.86636
1160,2025-09-13 20:43:45,115871.5,12.20773,115871.51,3.86636
1161,2025-09-13 20:43:45,115871.5,12.20773,115871.51,3.86631
1162,2025-09-13 20:43:45,115871.5,12.20773,115871.51,3.86636
1163,2025-09-13 20:43:45,115871.5,12.20773,115871.51,3.86631
1164,2025-09-13 20:43:45,115871.5,12.20773,115871.51,3.86303
1165,2025-09-13 20:43:45,115871.5,12.20773,115871.51,3.86629
1166,2025-09-13 20:43:45,115871.5,12.20773,115871.51,3.99469
1167,2025-09-13 20:43:45,115871.5,12.20773,115871.51,4.37259
1168,2025-09-13 20:43:45,115871.5,12.20773,115871.51,4.24419
1169,2025-09-13 20:43:45,115871.5,12.20773,115871.51,3.86629
1170,2025-09-13 20:43:45,115871.5,12.20773,115871.51,3.86698
1171,2025-09-13 20:43:45,115871.5,12.20773,115871.51,3.86703
1172,2025-09-13 20:43:45,115871.5,12.20773,115871.51,3.86698
1173,2025-09-13 20:43:45,115871.5,12.20773,115871.51,3.86693
1174,2025-09-13 20:43:45,115871.5,12.20773,115871.51,3.86698
1175,2025-09-13 20:43:45,115871.5,12.20773,115871.51,3.86635
1176,2025-09-13 20:43:45,115871.5,12.20763,115871.51,3.86635
1177,2025-09-13 20:43:45,115871.5,12.20773,115871.51,3.86635
1178,2025-09-13 20:43:45,115871.5,12.20773,115871.51,4.37265
1179,2025-09-13 20:43:45,115871.5,12.20773,115871.51,3.86635
1180,2025-09-13 20:43:45,115871.5,12.20778,115871.51,3.86635
1181,2025-09-13 20:43:45,115871.5,12.20778,115871.51,3.8664
1182,2025-09-13 20:43:45,115871.5,12.20773,115871.51,3.8664
1183,2025-09-13 20:43:45,115871.5,12.20773,115871.51,3.86645
1184,2025-09-13 20:43:45,115871.5,12.20773,115871.51,3.8664
1185,2025-09-13 20:43:45,115871.5,12.20773,115871.51,3.86645
1186,2025-09-13 20:43:45,115871.5,12.20773,115871.51,3.86587
1187,2025-09-13 20:43:45,115871.5,12.20773,115871.51,3.86644
1188,2025-09-13 20:43:45,115871.5,12.20773,115871.51,4.37274
1189,2025-09-13 20:43:45,115871.5,12.20773,115871.51,4.37222
1190,2025-09-13 20:43:45,115871.5,12.20773,115871.51,3.86592
1191,2025-09-13 20:43:45,115871.5,12.20773,115871.51,3.86587
1192,2025-09-13 20:43:45,115871.5,12.20773,115871.51,3.86582
1193,2025-09-13 20:43:46,115871.5,12.20065,115871.51,3.86582
1194,2025-09-13 20:43:46,115871.5,12.19411,115871.51,3.86582
1195,2025-09-13 20:43:46,115871.5,12.19411,115871.51,3.86587
1196,2025-09-13 20:43:46,115871.5,12.19411,115871.51,4.2974
1197,2025-09-13 20:43:46,115871.5,12.19411,115871.51,4.8037
1198,2025-09-13 20:43:46,115871.5,12.19411,115871.51,4.2974
1199,2025-09-13 20:43:46,115871.5,12.19243,115871.51,4.2974
1200,2025-09-13 20:43:46,115871.5,12.19243,115871.51,4.8037
